fecha,fed_funds,treasury_10y,cpi,unemployment
2015-01-01,0.06,,234.747,5.7
2015-01-02,0.12,2.12,,
2015-01-03,0.12,,,
2015-01-04,0.12,,,
2015-01-05,0.12,2.04,,
2015-01-06,0.12,1.97,,
2015-01-07,0.12,1.96,,
2015-01-08,0.12,2.03,,
2015-01-09,0.12,1.98,,
2015-01-10,0.12,,,
2015-01-11,0.12,,,
2015-01-12,0.12,1.92,,
2015-01-13,0.12,1.91,,
2015-01-14,0.12,1.86,,
2015-01-15,0.12,1.77,,
2015-01-16,0.13,1.83,,
2015-01-17,0.13,,,
2015-01-18,0.13,,,
2015-01-19,0.13,,,
2015-01-20,0.12,1.82,,
2015-01-21,0.12,1.87,,
2015-01-22,0.12,1.9,,
2015-01-23,0.12,1.81,,
2015-01-24,0.12,,,
2015-01-25,0.12,,,
2015-01-26,0.12,1.83,,
2015-01-27,0.11,1.83,,
2015-01-28,0.12,1.73,,
2015-01-29,0.11,1.77,,
2015-01-30,0.06,1.68,,
2015-01-31,0.06,,,
2015-02-01,0.06,,235.342,5.5
2015-02-02,0.12,1.68,,
2015-02-03,0.12,1.79,,
2015-02-04,0.11,1.81,,
2015-02-05,0.12,1.83,,
2015-02-06,0.11,1.95,,
2015-02-07,0.11,,,
2015-02-08,0.11,,,
2015-02-09,0.12,1.96,,
2015-02-10,0.12,2.01,,
2015-02-11,0.12,2.0,,
2015-02-12,0.12,1.99,,
2015-02-13,0.12,2.02,,
2015-02-14,0.12,,,
2015-02-15,0.12,,,
2015-02-16,0.12,,,
2015-02-17,0.12,2.14,,
2015-02-18,0.12,2.07,,
2015-02-19,0.12,2.11,,
2015-02-20,0.12,2.13,,
2015-02-21,0.12,,,
2015-02-22,0.12,,,
2015-02-23,0.11,2.06,,
2015-02-24,0.11,1.99,,
2015-02-25,0.11,1.96,,
2015-02-26,0.11,2.03,,
2015-02-27,0.06,2.0,,
2015-02-28,0.06,,,
2015-03-01,0.06,,235.976,5.4
2015-03-02,0.12,2.08,,
2015-03-03,0.12,2.12,,
2015-03-04,0.11,2.12,,
2015-03-05,0.11,2.11,,
2015-03-06,0.12,2.24,,
2015-03-07,0.12,,,
2015-03-08,0.12,,,
2015-03-09,0.12,2.2,,
2015-03-10,0.12,2.14,,
2015-03-11,0.11,2.11,,
2015-03-12,0.11,2.1,,
2015-03-13,0.11,2.13,,
2015-03-14,0.11,,,
2015-03-15,0.11,,,
2015-03-16,0.12,2.1,,
2015-03-17,0.12,2.06,,
2015-03-18,0.11,1.93,,
2015-03-19,0.12,1.98,,
2015-03-20,0.12,1.93,,
2015-03-21,0.12,,,
2015-03-22,0.12,,,
2015-03-23,0.12,1.92,,
2015-03-24,0.11,1.88,,
2015-03-25,0.12,1.93,,
2015-03-26,0.11,2.01,,
2015-03-27,0.12,1.95,,
2015-03-28,0.12,,,
2015-03-29,0.12,,,
2015-03-30,0.12,1.96,,
2015-03-31,0.06,1.94,,
2015-04-01,0.12,1.87,236.222,5.4
2015-04-02,0.12,1.92,,
2015-04-03,0.12,1.85,,
2015-04-04,0.12,,,
2015-04-05,0.12,,,
2015-04-06,0.13,1.92,,
2015-04-07,0.12,1.89,,
2015-04-08,0.12,1.92,,
2015-04-09,0.12,1.97,,
2015-04-10,0.12,1.96,,
2015-04-11,0.12,,,
2015-04-12,0.12,,,
2015-04-13,0.13,1.94,,
2015-04-14,0.13,1.9,,
2015-04-15,0.13,1.91,,
2015-04-16,0.13,1.9,,
2015-04-17,0.13,1.87,,
2015-04-18,0.13,,,
2015-04-19,0.13,,,
2015-04-20,0.13,1.9,,
2015-04-21,0.13,1.92,,
2015-04-22,0.13,1.99,,
2015-04-23,0.13,1.96,,
2015-04-24,0.13,1.93,,
2015-04-25,0.13,,,
2015-04-26,0.13,,,
2015-04-27,0.13,1.94,,
2015-04-28,0.13,2.0,,
2015-04-29,0.13,2.06,,
2015-04-30,0.08,2.05,,
2015-05-01,0.13,2.12,237.001,5.6
2015-05-02,0.13,,,
2015-05-03,0.13,,,
2015-05-04,0.13,2.16,,
2015-05-05,0.13,2.19,,
2015-05-06,0.13,2.25,,
2015-05-07,0.13,2.18,,
2015-05-08,0.13,2.16,,
2015-05-09,0.13,,,
2015-05-10,0.13,,,
2015-05-11,0.13,2.28,,
2015-05-12,0.13,2.28,,
2015-05-13,0.13,2.27,,
2015-05-14,0.13,2.23,,
2015-05-15,0.13,2.14,,
2015-05-16,0.13,,,
2015-05-17,0.13,,,
2015-05-18,0.13,2.23,,
2015-05-19,0.12,2.27,,
2015-05-20,0.12,2.26,,
2015-05-21,0.12,2.19,,
2015-05-22,0.13,2.21,,
2015-05-23,0.13,,,
2015-05-24,0.13,,,
2015-05-25,0.13,,,
2015-05-26,0.12,2.14,,
2015-05-27,0.12,2.14,,
2015-05-28,0.12,2.13,,
2015-05-29,0.08,2.12,,
2015-05-30,0.08,,,
2015-05-31,0.08,,,
2015-06-01,0.12,2.19,237.657,5.3
2015-06-02,0.12,2.27,,
2015-06-03,0.13,2.38,,
2015-06-04,0.13,2.31,,
2015-06-05,0.13,2.41,,
2015-06-06,0.13,,,
2015-06-07,0.13,,,
2015-06-08,0.13,2.39,,
2015-06-09,0.13,2.42,,
2015-06-10,0.13,2.5,,
2015-06-11,0.13,2.39,,
2015-06-12,0.13,2.39,,
2015-06-13,0.13,,,
2015-06-14,0.13,,,
2015-06-15,0.13,2.36,,
2015-06-16,0.14,2.32,,
2015-06-17,0.14,2.32,,
2015-06-18,0.14,2.35,,
2015-06-19,0.13,2.26,,
2015-06-20,0.13,,,
2015-06-21,0.13,,,
2015-06-22,0.13,2.37,,
2015-06-23,0.13,2.42,,
2015-06-24,0.13,2.38,,
2015-06-25,0.13,2.4,,
2015-06-26,0.13,2.49,,
2015-06-27,0.13,,,
2015-06-28,0.13,,,
2015-06-29,0.14,2.33,,
2015-06-30,0.08,2.35,,
2015-07-01,0.13,2.43,238.034,5.2
2015-07-02,0.13,2.4,,
2015-07-03,0.13,,,
2015-07-04,0.13,,,
2015-07-05,0.13,,,
2015-07-06,0.13,2.3,,
2015-07-07,0.13,2.27,,
2015-07-08,0.13,2.22,,
2015-07-09,0.13,2.32,,
2015-07-10,0.13,2.42,,
2015-07-11,0.13,,,
2015-07-12,0.13,,,
2015-07-13,0.13,2.44,,
2015-07-14,0.13,2.41,,
2015-07-15,0.13,2.36,,
2015-07-16,0.14,2.36,,
2015-07-17,0.13,2.34,,
2015-07-18,0.13,,,
2015-07-19,0.13,,,
2015-07-20,0.14,2.38,,
2015-07-21,0.13,2.35,,
2015-07-22,0.13,2.33,,
2015-07-23,0.13,2.28,,
2015-07-24,0.13,2.27,,
2015-07-25,0.13,,,
2015-07-26,0.13,,,
2015-07-27,0.14,2.23,,
2015-07-28,0.14,2.26,,
2015-07-29,0.14,2.29,,
2015-07-30,0.14,2.28,,
2015-07-31,0.08,2.2,,
2015-08-01,0.08,,238.033,5.1
2015-08-02,0.08,,,
2015-08-03,0.14,2.16,,
2015-08-04,0.14,2.23,,
2015-08-05,0.14,2.28,,
2015-08-06,0.14,2.23,,
2015-08-07,0.14,2.18,,
2015-08-08,0.14,,,
2015-08-09,0.14,,,
2015-08-10,0.14,2.24,,
2015-08-11,0.15,2.15,,
2015-08-12,0.15,2.14,,
2015-08-13,0.15,2.19,,
2015-08-14,0.14,2.2,,
2015-08-15,0.14,,,
2015-08-16,0.14,,,
2015-08-17,0.15,2.16,,
2015-08-18,0.15,2.2,,
2015-08-19,0.15,2.12,,
2015-08-20,0.15,2.09,,
2015-08-21,0.15,2.05,,
2015-08-22,0.15,,,
2015-08-23,0.15,,,
2015-08-24,0.15,2.01,,
2015-08-25,0.15,2.12,,
2015-08-26,0.14,2.18,,
2015-08-27,0.14,2.18,,
2015-08-28,0.14,2.19,,
2015-08-29,0.14,,,
2015-08-30,0.14,,,
2015-08-31,0.08,2.21,,
2015-09-01,0.14,2.17,237.498,5.0
2015-09-02,0.14,2.2,,
2015-09-03,0.14,2.18,,
2015-09-04,0.14,2.13,,
2015-09-05,0.14,,,
2015-09-06,0.14,,,
2015-09-07,0.14,,,
2015-09-08,0.14,2.2,,
2015-09-09,0.14,2.21,,
2015-09-10,0.14,2.23,,
2015-09-11,0.14,2.2,,
2015-09-12,0.14,,,
2015-09-13,0.14,,,
2015-09-14,0.14,2.18,,
2015-09-15,0.14,2.28,,
2015-09-16,0.14,2.3,,
2015-09-17,0.14,2.21,,
2015-09-18,0.14,2.13,,
2015-09-19,0.14,,,
2015-09-20,0.14,,,
2015-09-21,0.14,2.2,,
2015-09-22,0.14,2.14,,
2015-09-23,0.14,2.16,,
2015-09-24,0.14,2.13,,
2015-09-25,0.13,2.17,,
2015-09-26,0.13,,,
2015-09-27,0.13,,,
2015-09-28,0.13,2.1,,
2015-09-29,0.13,2.05,,
2015-09-30,0.07,2.06,,
2015-10-01,0.13,2.05,237.733,5.0
2015-10-02,0.13,1.99,,
2015-10-03,0.13,,,
2015-10-04,0.13,,,
2015-10-05,0.13,2.07,,
2015-10-06,0.13,2.05,,
2015-10-07,0.13,2.08,,
2015-10-08,0.13,2.12,,
2015-10-09,0.13,2.12,,
2015-10-10,0.13,,,
2015-10-11,0.13,,,
2015-10-12,0.13,,,
2015-10-13,0.13,2.06,,
2015-10-14,0.13,1.99,,
2015-10-15,0.13,2.04,,
2015-10-16,0.13,2.04,,
2015-10-17,0.13,,,
2015-10-18,0.13,,,
2015-10-19,0.13,2.04,,
2015-10-20,0.13,2.08,,
2015-10-21,0.13,2.04,,
2015-10-22,0.12,2.04,,
2015-10-23,0.12,2.09,,
2015-10-24,0.12,,,
2015-10-25,0.12,,,
2015-10-26,0.12,2.07,,
2015-10-27,0.12,2.05,,
2015-10-28,0.12,2.1,,
2015-10-29,0.12,2.19,,
2015-10-30,0.07,2.16,,
2015-10-31,0.07,,,
2015-11-01,0.07,,238.017,5.1
2015-11-02,0.12,2.2,,
2015-11-03,0.12,2.23,,
2015-11-04,0.12,2.25,,
2015-11-05,0.12,2.26,,
2015-11-06,0.12,2.34,,
2015-11-07,0.12,,,
2015-11-08,0.12,,,
2015-11-09,0.12,2.36,,
2015-11-10,0.12,2.32,,
2015-11-11,0.12,,,
2015-11-12,0.12,2.32,,
2015-11-13,0.12,2.28,,
2015-11-14,0.12,,,
2015-11-15,0.12,,,
2015-11-16,0.13,2.27,,
2015-11-17,0.13,2.25,,
2015-11-18,0.12,2.27,,
2015-11-19,0.12,2.24,,
2015-11-20,0.12,2.26,,
2015-11-21,0.12,,,
2015-11-22,0.12,,,
2015-11-23,0.12,2.25,,
2015-11-24,0.12,2.24,,
2015-11-25,0.12,2.23,,
2015-11-26,0.12,,,
2015-11-27,0.12,2.22,,
2015-11-28,0.12,,,
2015-11-29,0.12,,,
2015-11-30,0.08,2.21,,
2015-12-01,0.13,2.15,237.761,5.0
2015-12-02,0.13,2.18,,
2015-12-03,0.13,2.33,,
2015-12-04,0.13,2.28,,
2015-12-05,0.13,,,
2015-12-06,0.13,,,
2015-12-07,0.13,2.23,,
2015-12-08,0.13,2.24,,
2015-12-09,0.14,2.22,,
2015-12-10,0.14,2.24,,
2015-12-11,0.14,2.13,,
2015-12-12,0.14,,,
2015-12-13,0.14,,,
2015-12-14,0.15,2.23,,
2015-12-15,0.15,2.28,,
2015-12-16,0.15,2.3,,
2015-12-17,0.37,2.24,,
2015-12-18,0.37,2.19,,
2015-12-19,0.37,,,
2015-12-20,0.37,,,
2015-12-21,0.36,2.2,,
2015-12-22,0.36,2.24,,
2015-12-23,0.36,2.27,,
2015-12-24,0.36,2.25,,
2015-12-25,0.36,,,
2015-12-26,0.36,,,
2015-12-27,0.36,,,
2015-12-28,0.36,2.24,,
2015-12-29,0.36,2.32,,
2015-12-30,0.35,2.31,,
2015-12-31,0.2,2.27,,
2016-01-01,0.2,,237.652,4.8
2016-01-02,0.2,,,
2016-01-03,0.2,,,
2016-01-04,0.36,2.24,,
2016-01-05,0.36,2.25,,
2016-01-06,0.36,2.18,,
2016-01-07,0.36,2.16,,
2016-01-08,0.36,2.13,,
2016-01-09,0.36,,,
2016-01-10,0.36,,,
2016-01-11,0.36,2.17,,
2016-01-12,0.36,2.12,,
2016-01-13,0.36,2.08,,
2016-01-14,0.36,2.1,,
2016-01-15,0.36,2.03,,
2016-01-16,0.36,,,
2016-01-17,0.36,,,
2016-01-18,0.36,,,
2016-01-19,0.36,2.06,,
2016-01-20,0.37,2.01,,
2016-01-21,0.37,2.02,,
2016-01-22,0.38,2.07,,
2016-01-23,0.38,,,
2016-01-24,0.38,,,
2016-01-25,0.38,2.03,,
2016-01-26,0.38,2.01,,
2016-01-27,0.38,2.02,,
2016-01-28,0.38,2.0,,
2016-01-29,0.29,1.94,,
2016-01-30,0.29,,,
2016-01-31,0.29,,,
2016-02-01,0.38,1.97,237.336,4.9
2016-02-02,0.38,1.87,,
2016-02-03,0.38,1.88,,
2016-02-04,0.38,1.87,,
2016-02-05,0.38,1.86,,
2016-02-06,0.38,,,
2016-02-07,0.38,,,
2016-02-08,0.38,1.75,,
2016-02-09,0.38,1.74,,
2016-02-10,0.38,1.71,,
2016-02-11,0.38,1.63,,
2016-02-12,0.38,1.74,,
2016-02-13,0.38,,,
2016-02-14,0.38,,,
2016-02-15,0.38,,,
2016-02-16,0.38,1.78,,
2016-02-17,0.37,1.81,,
2016-02-18,0.38,1.75,,
2016-02-19,0.38,1.76,,
2016-02-20,0.38,,,
2016-02-21,0.38,,,
2016-02-22,0.38,1.77,,
2016-02-23,0.38,1.74,,
2016-02-24,0.38,1.75,,
2016-02-25,0.37,1.71,,
2016-02-26,0.37,1.76,,
2016-02-27,0.37,,,
2016-02-28,0.37,,,
2016-02-29,0.29,1.74,,
2016-03-01,0.36,1.83,238.08,5.0
2016-03-02,0.37,1.84,,
2016-03-03,0.37,1.83,,
2016-03-04,0.36,1.88,,
2016-03-05,0.36,,,
2016-03-06,0.36,,,
2016-03-07,0.36,1.91,,
2016-03-08,0.36,1.83,,
2016-03-09,0.36,1.9,,
2016-03-10,0.36,1.93,,
2016-03-11,0.36,1.98,,
2016-03-12,0.36,,,
2016-03-13,0.36,,,
2016-03-14,0.36,1.97,,
2016-03-15,0.37,1.97,,
2016-03-16,0.37,1.94,,
2016-03-17,0.37,1.91,,
2016-03-18,0.37,1.88,,
2016-03-19,0.37,,,
2016-03-20,0.37,,,
2016-03-21,0.37,1.92,,
2016-03-22,0.37,1.94,,
2016-03-23,0.37,1.88,,
2016-03-24,0.37,1.91,,
2016-03-25,0.37,,,
2016-03-26,0.37,,,
2016-03-27,0.37,,,
2016-03-28,0.37,1.89,,
2016-03-29,0.37,1.81,,
2016-03-30,0.37,1.83,,
2016-03-31,0.25,1.78,,
2016-04-01,0.37,1.79,238.992,5.1
2016-04-02,0.37,,,
2016-04-03,0.37,,,
2016-04-04,0.37,1.78,,
2016-04-05,0.37,1.73,,
2016-04-06,0.37,1.76,,
2016-04-07,0.37,1.7,,
2016-04-08,0.37,1.72,,
2016-04-09,0.37,,,
2016-04-10,0.37,,,
2016-04-11,0.37,1.73,,
2016-04-12,0.37,1.79,,
2016-04-13,0.37,1.77,,
2016-04-14,0.37,1.8,,
2016-04-15,0.37,1.76,,
2016-04-16,0.37,,,
2016-04-17,0.37,,,
2016-04-18,0.37,1.78,,
2016-04-19,0.37,1.79,,
2016-04-20,0.37,1.85,,
2016-04-21,0.37,1.88,,
2016-04-22,0.37,1.89,,
2016-04-23,0.37,,,
2016-04-24,0.37,,,
2016-04-25,0.37,1.91,,
2016-04-26,0.37,1.94,,
2016-04-27,0.37,1.87,,
2016-04-28,0.37,1.84,,
2016-04-29,0.3,1.83,,
2016-04-30,0.3,,,
2016-05-01,0.3,,239.557,4.8
2016-05-02,0.37,1.88,,
2016-05-03,0.37,1.81,,
2016-05-04,0.37,1.79,,
2016-05-05,0.37,1.76,,
2016-05-06,0.37,1.79,,
2016-05-07,0.37,,,
2016-05-08,0.37,,,
2016-05-09,0.37,1.77,,
2016-05-10,0.37,1.77,,
2016-05-11,0.37,1.73,,
2016-05-12,0.37,1.75,,
2016-05-13,0.37,1.71,,
2016-05-14,0.37,,,
2016-05-15,0.37,,,
2016-05-16,0.37,1.75,,
2016-05-17,0.37,1.76,,
2016-05-18,0.37,1.87,,
2016-05-19,0.37,1.85,,
2016-05-20,0.37,1.85,,
2016-05-21,0.37,,,
2016-05-22,0.37,,,
2016-05-23,0.37,1.84,,
2016-05-24,0.37,1.86,,
2016-05-25,0.37,1.87,,
2016-05-26,0.37,1.83,,
2016-05-27,0.37,1.85,,
2016-05-28,0.37,,,
2016-05-29,0.37,,,
2016-05-30,0.37,,,
2016-05-31,0.29,1.84,,
2016-06-01,0.37,1.85,240.222,4.9
2016-06-02,0.37,1.81,,
2016-06-03,0.37,1.71,,
2016-06-04,0.37,,,
2016-06-05,0.37,,,
2016-06-06,0.37,1.73,,
2016-06-07,0.37,1.72,,
2016-06-08,0.37,1.71,,
2016-06-09,0.37,1.68,,
2016-06-10,0.37,1.64,,
2016-06-11,0.37,,,
2016-06-12,0.37,,,
2016-06-13,0.37,1.62,,
2016-06-14,0.37,1.62,,
2016-06-15,0.37,1.6,,
2016-06-16,0.38,1.57,,
2016-06-17,0.38,1.62,,
2016-06-18,0.38,,,
2016-06-19,0.38,,,
2016-06-20,0.38,1.67,,
2016-06-21,0.38,1.71,,
2016-06-22,0.38,1.69,,
2016-06-23,0.39,1.74,,
2016-06-24,0.4,1.57,,
2016-06-25,0.4,,,
2016-06-26,0.4,,,
2016-06-27,0.41,1.46,,
2016-06-28,0.41,1.46,,
2016-06-29,0.41,1.5,,
2016-06-30,0.3,1.49,,
2016-07-01,0.41,1.46,240.101,4.8
2016-07-02,0.41,,,
2016-07-03,0.41,,,
2016-07-04,0.41,,,
2016-07-05,0.4,1.37,,
2016-07-06,0.4,1.38,,
2016-07-07,0.4,1.4,,
2016-07-08,0.4,1.37,,
2016-07-09,0.4,,,
2016-07-10,0.4,,,
2016-07-11,0.4,1.43,,
2016-07-12,0.4,1.53,,
2016-07-13,0.4,1.48,,
2016-07-14,0.4,1.53,,
2016-07-15,0.4,1.6,,
2016-07-16,0.4,,,
2016-07-17,0.4,,,
2016-07-18,0.4,1.59,,
2016-07-19,0.4,1.56,,
2016-07-20,0.4,1.59,,
2016-07-21,0.4,1.57,,
2016-07-22,0.4,1.57,,
2016-07-23,0.4,,,
2016-07-24,0.4,,,
2016-07-25,0.4,1.58,,
2016-07-26,0.4,1.57,,
2016-07-27,0.4,1.52,,
2016-07-28,0.4,1.52,,
2016-07-29,0.3,1.46,,
2016-07-30,0.3,,,
2016-07-31,0.3,,,
2016-08-01,0.4,1.51,240.545,4.9
2016-08-02,0.4,1.55,,
2016-08-03,0.4,1.55,,
2016-08-04,0.4,1.51,,
2016-08-05,0.4,1.59,,
2016-08-06,0.4,,,
2016-08-07,0.4,,,
2016-08-08,0.4,1.59,,
2016-08-09,0.4,1.55,,
2016-08-10,0.4,1.5,,
2016-08-11,0.4,1.57,,
2016-08-12,0.4,1.51,,
2016-08-13,0.4,,,
2016-08-14,0.4,,,
2016-08-15,0.4,1.55,,
2016-08-16,0.4,1.57,,
2016-08-17,0.4,1.56,,
2016-08-18,0.4,1.53,,
2016-08-19,0.4,1.58,,
2016-08-20,0.4,,,
2016-08-21,0.4,,,
2016-08-22,0.4,1.55,,
2016-08-23,0.4,1.55,,
2016-08-24,0.4,1.56,,
2016-08-25,0.4,1.58,,
2016-08-26,0.4,1.62,,
2016-08-27,0.4,,,
2016-08-28,0.4,,,
2016-08-29,0.4,1.57,,
2016-08-30,0.4,1.57,,
2016-08-31,0.3,1.58,,
2016-09-01,0.4,1.57,241.176,5.0
2016-09-02,0.4,1.6,,
2016-09-03,0.4,,,
2016-09-04,0.4,,,
2016-09-05,0.4,,,
2016-09-06,0.4,1.55,,
2016-09-07,0.4,1.54,,
2016-09-08,0.4,1.61,,
2016-09-09,0.4,1.67,,
2016-09-10,0.4,,,
2016-09-11,0.4,,,
2016-09-12,0.4,1.68,,
2016-09-13,0.4,1.73,,
2016-09-14,0.4,1.7,,
2016-09-15,0.4,1.71,,
2016-09-16,0.4,1.7,,
2016-09-17,0.4,,,
2016-09-18,0.4,,,
2016-09-19,0.4,1.7,,
2016-09-20,0.4,1.69,,
2016-09-21,0.4,1.66,,
2016-09-22,0.4,1.63,,
2016-09-23,0.4,1.62,,
2016-09-24,0.4,,,
2016-09-25,0.4,,,
2016-09-26,0.4,1.59,,
2016-09-27,0.4,1.56,,
2016-09-28,0.4,1.57,,
2016-09-29,0.4,1.56,,
2016-09-30,0.29,1.6,,
2016-10-01,0.29,,241.741,4.9
2016-10-02,0.29,,,
2016-10-03,0.4,1.63,,
2016-10-04,0.4,1.69,,
2016-10-05,0.4,1.72,,
2016-10-06,0.4,1.75,,
2016-10-07,0.4,1.73,,
2016-10-08,0.4,,,
2016-10-09,0.4,,,
2016-10-10,0.4,,,
2016-10-11,0.41,1.77,,
2016-10-12,0.41,1.79,,
2016-10-13,0.41,1.75,,
2016-10-14,0.41,1.8,,
2016-10-15,0.41,,,
2016-10-16,0.41,,,
2016-10-17,0.41,1.77,,
2016-10-18,0.41,1.75,,
2016-10-19,0.41,1.76,,
2016-10-20,0.41,1.76,,
2016-10-21,0.41,1.74,,
2016-10-22,0.41,,,
2016-10-23,0.41,,,
2016-10-24,0.41,1.77,,
2016-10-25,0.41,1.77,,
2016-10-26,0.41,1.79,,
2016-10-27,0.41,1.85,,
2016-10-28,0.41,1.86,,
2016-10-29,0.41,,,
2016-10-30,0.41,,,
2016-10-31,0.31,1.84,,
2016-11-01,0.41,1.83,242.026,4.7
2016-11-02,0.41,1.81,,
2016-11-03,0.41,1.82,,
2016-11-04,0.41,1.79,,
2016-11-05,0.41,,,
2016-11-06,0.41,,,
2016-11-07,0.41,1.83,,
2016-11-08,0.41,1.88,,
2016-11-09,0.41,2.07,,
2016-11-10,0.41,2.15,,
2016-11-11,0.41,,,
2016-11-12,0.41,,,
2016-11-13,0.41,,,
2016-11-14,0.41,2.23,,
2016-11-15,0.41,2.23,,
2016-11-16,0.41,2.22,,
2016-11-17,0.41,2.29,,
2016-11-18,0.41,2.34,,
2016-11-19,0.41,,,
2016-11-20,0.41,,,
2016-11-21,0.41,2.33,,
2016-11-22,0.41,2.31,,
2016-11-23,0.41,2.36,,
2016-11-24,0.41,,,
2016-11-25,0.41,2.36,,
2016-11-26,0.41,,,
2016-11-27,0.41,,,
2016-11-28,0.41,2.32,,
2016-11-29,0.41,2.3,,
2016-11-30,0.31,2.37,,
2016-12-01,0.41,2.45,242.637,4.7
2016-12-02,0.41,2.4,,
2016-12-03,0.41,,,
2016-12-04,0.41,,,
2016-12-05,0.41,2.39,,
2016-12-06,0.41,2.39,,
2016-12-07,0.41,2.34,,
2016-12-08,0.41,2.4,,
2016-12-09,0.41,2.47,,
2016-12-10,0.41,,,
2016-12-11,0.41,,,
2016-12-12,0.41,2.49,,
2016-12-13,0.41,2.48,,
2016-12-14,0.41,2.54,,
2016-12-15,0.66,2.6,,
2016-12-16,0.66,2.6,,
2016-12-17,0.66,,,
2016-12-18,0.66,,,
2016-12-19,0.66,2.54,,
2016-12-20,0.66,2.57,,
2016-12-21,0.66,2.55,,
2016-12-22,0.66,2.55,,
2016-12-23,0.66,2.55,,
2016-12-24,0.66,,,
2016-12-25,0.66,,,
2016-12-26,0.66,,,
2016-12-27,0.66,2.57,,
2016-12-28,0.66,2.51,,
2016-12-29,0.66,2.49,,
2016-12-30,0.55,2.45,,
2016-12-31,0.55,,,
2017-01-01,0.55,,243.618,4.7
2017-01-02,0.55,,,
2017-01-03,0.66,2.45,,
2017-01-04,0.66,2.46,,
2017-01-05,0.66,2.37,,
2017-01-06,0.66,2.42,,
2017-01-07,0.66,,,
2017-01-08,0.66,,,
2017-01-09,0.66,2.38,,
2017-01-10,0.66,2.38,,
2017-01-11,0.66,2.38,,
2017-01-12,0.66,2.36,,
2017-01-13,0.66,2.4,,
2017-01-14,0.66,,,
2017-01-15,0.66,,,
2017-01-16,0.66,,,
2017-01-17,0.66,2.33,,
2017-01-18,0.66,2.42,,
2017-01-19,0.66,2.47,,
2017-01-20,0.66,2.48,,
2017-01-21,0.66,,,
2017-01-22,0.66,,,
2017-01-23,0.66,2.41,,
2017-01-24,0.66,2.47,,
2017-01-25,0.66,2.53,,
2017-01-26,0.66,2.51,,
2017-01-27,0.66,2.49,,
2017-01-28,0.66,,,
2017-01-29,0.66,,,
2017-01-30,0.66,2.49,,
2017-01-31,0.56,2.45,,
2017-02-01,0.66,2.48,244.006,4.6
2017-02-02,0.66,2.48,,
2017-02-03,0.66,2.49,,
2017-02-04,0.66,,,
2017-02-05,0.66,,,
2017-02-06,0.66,2.42,,
2017-02-07,0.66,2.4,,
2017-02-08,0.66,2.34,,
2017-02-09,0.66,2.4,,
2017-02-10,0.66,2.41,,
2017-02-11,0.66,,,
2017-02-12,0.66,,,
2017-02-13,0.66,2.43,,
2017-02-14,0.66,2.47,,
2017-02-15,0.66,2.51,,
2017-02-16,0.66,2.45,,
2017-02-17,0.66,2.42,,
2017-02-18,0.66,,,
2017-02-19,0.66,,,
2017-02-20,0.66,,,
2017-02-21,0.66,2.43,,
2017-02-22,0.66,2.42,,
2017-02-23,0.66,2.38,,
2017-02-24,0.66,2.31,,
2017-02-25,0.66,,,
2017-02-26,0.66,,,
2017-02-27,0.66,2.36,,
2017-02-28,0.57,2.36,,
2017-03-01,0.66,2.46,243.892,4.4
2017-03-02,0.66,2.49,,
2017-03-03,0.66,2.49,,
2017-03-04,0.66,,,
2017-03-05,0.66,,,
2017-03-06,0.66,2.49,,
2017-03-07,0.66,2.52,,
2017-03-08,0.66,2.57,,
2017-03-09,0.66,2.6,,
2017-03-10,0.66,2.58,,
2017-03-11,0.66,,,
2017-03-12,0.66,,,
2017-03-13,0.66,2.62,,
2017-03-14,0.66,2.6,,
2017-03-15,0.66,2.51,,
2017-03-16,0.91,2.53,,
2017-03-17,0.91,2.5,,
2017-03-18,0.91,,,
2017-03-19,0.91,,,
2017-03-20,0.91,2.47,,
2017-03-21,0.91,2.43,,
2017-03-22,0.91,2.4,,
2017-03-23,0.91,2.41,,
2017-03-24,0.91,2.4,,
2017-03-25,0.91,,,
2017-03-26,0.91,,,
2017-03-27,0.91,2.38,,
2017-03-28,0.91,2.42,,
2017-03-29,0.91,2.39,,
2017-03-30,0.91,2.42,,
2017-03-31,0.82,2.4,,
2017-04-01,0.82,,244.193,4.4
2017-04-02,0.82,,,
2017-04-03,0.91,2.35,,
2017-04-04,0.91,2.36,,
2017-04-05,0.91,2.34,,
2017-04-06,0.91,2.34,,
2017-04-07,0.91,2.38,,
2017-04-08,0.91,,,
2017-04-09,0.91,,,
2017-04-10,0.91,2.37,,
2017-04-11,0.91,2.32,,
2017-04-12,0.91,2.28,,
2017-04-13,0.91,2.24,,
2017-04-14,0.91,,,
2017-04-15,0.91,,,
2017-04-16,0.91,,,
2017-04-17,0.91,2.26,,
2017-04-18,0.91,2.18,,
2017-04-19,0.91,2.21,,
2017-04-20,0.91,2.24,,
2017-04-21,0.91,2.24,,
2017-04-22,0.91,,,
2017-04-23,0.91,,,
2017-04-24,0.91,2.28,,
2017-04-25,0.91,2.35,,
2017-04-26,0.91,2.32,,
2017-04-27,0.91,2.3,,
2017-04-28,0.83,2.29,,
2017-04-29,0.83,,,
2017-04-30,0.83,,,
2017-05-01,0.91,2.33,244.004,4.4
2017-05-02,0.91,2.29,,
2017-05-03,0.91,2.33,,
2017-05-04,0.91,2.36,,
2017-05-05,0.91,2.36,,
2017-05-06,0.91,,,
2017-05-07,0.91,,,
2017-05-08,0.91,2.39,,
2017-05-09,0.91,2.42,,
2017-05-10,0.91,2.41,,
2017-05-11,0.91,2.39,,
2017-05-12,0.91,2.33,,
2017-05-13,0.91,,,
2017-05-14,0.91,,,
2017-05-15,0.91,2.34,,
2017-05-16,0.91,2.33,,
2017-05-17,0.91,2.22,,
2017-05-18,0.91,2.23,,
2017-05-19,0.91,2.23,,
2017-05-20,0.91,,,
2017-05-21,0.91,,,
2017-05-22,0.91,2.25,,
2017-05-23,0.91,2.29,,
2017-05-24,0.91,2.26,,
2017-05-25,0.91,2.25,,
2017-05-26,0.91,2.25,,
2017-05-27,0.91,,,
2017-05-28,0.91,,,
2017-05-29,0.91,,,
2017-05-30,0.91,2.21,,
2017-05-31,0.83,2.21,,
2017-06-01,0.91,2.21,244.163,4.3
2017-06-02,0.91,2.15,,
2017-06-03,0.91,,,
2017-06-04,0.91,,,
2017-06-05,0.91,2.18,,
2017-06-06,0.91,2.14,,
2017-06-07,0.91,2.18,,
2017-06-08,0.91,2.19,,
2017-06-09,0.91,2.21,,
2017-06-10,0.91,,,
2017-06-11,0.91,,,
2017-06-12,0.91,2.21,,
2017-06-13,0.91,2.21,,
2017-06-14,0.91,2.15,,
2017-06-15,1.16,2.16,,
2017-06-16,1.16,2.16,,
2017-06-17,1.16,,,
2017-06-18,1.16,,,
2017-06-19,1.16,2.19,,
2017-06-20,1.16,2.16,,
2017-06-21,1.16,2.16,,
2017-06-22,1.16,2.15,,
2017-06-23,1.16,2.15,,
2017-06-24,1.16,,,
2017-06-25,1.16,,,
2017-06-26,1.16,2.14,,
2017-06-27,1.16,2.21,,
2017-06-28,1.16,2.22,,
2017-06-29,1.16,2.27,,
2017-06-30,1.06,2.31,,
2017-07-01,1.06,,244.243,4.3
2017-07-02,1.06,,,
2017-07-03,1.16,2.35,,
2017-07-04,1.16,,,
2017-07-05,1.16,2.33,,
2017-07-06,1.16,2.37,,
2017-07-07,1.16,2.39,,
2017-07-08,1.16,,,
2017-07-09,1.16,,,
2017-07-10,1.16,2.38,,
2017-07-11,1.16,2.37,,
2017-07-12,1.16,2.33,,
2017-07-13,1.16,2.35,,
2017-07-14,1.16,2.33,,
2017-07-15,1.16,,,
2017-07-16,1.16,,,
2017-07-17,1.16,2.31,,
2017-07-18,1.16,2.27,,
2017-07-19,1.16,2.27,,
2017-07-20,1.16,2.27,,
2017-07-21,1.16,2.24,,
2017-07-22,1.16,,,
2017-07-23,1.16,,,
2017-07-24,1.16,2.26,,
2017-07-25,1.16,2.33,,
2017-07-26,1.16,2.29,,
2017-07-27,1.16,2.32,,
2017-07-28,1.16,2.3,,
2017-07-29,1.16,,,
2017-07-30,1.16,,,
2017-07-31,1.07,2.3,,
2017-08-01,1.16,2.26,245.183,4.4
2017-08-02,1.16,2.27,,
2017-08-03,1.16,2.24,,
2017-08-04,1.16,2.27,,
2017-08-05,1.16,,,
2017-08-06,1.16,,,
2017-08-07,1.16,2.26,,
2017-08-08,1.16,2.29,,
2017-08-09,1.16,2.24,,
2017-08-10,1.16,2.2,,
2017-08-11,1.16,2.19,,
2017-08-12,1.16,,,
2017-08-13,1.16,,,
2017-08-14,1.16,2.22,,
2017-08-15,1.16,2.27,,
2017-08-16,1.16,2.23,,
2017-08-17,1.16,2.19,,
2017-08-18,1.16,2.19,,
2017-08-19,1.16,,,
2017-08-20,1.16,,,
2017-08-21,1.16,2.18,,
2017-08-22,1.16,2.22,,
2017-08-23,1.16,2.17,,
2017-08-24,1.16,2.19,,
2017-08-25,1.16,2.17,,
2017-08-26,1.16,,,
2017-08-27,1.16,,,
2017-08-28,1.16,2.16,,
2017-08-29,1.16,2.13,,
2017-08-30,1.16,2.15,,
2017-08-31,1.07,2.12,,
2017-09-01,1.16,2.16,246.435,4.3
2017-09-02,1.16,,,
2017-09-03,1.16,,,
2017-09-04,1.16,,,
2017-09-05,1.16,2.07,,
2017-09-06,1.16,2.1,,
2017-09-07,1.16,2.05,,
2017-09-08,1.16,2.06,,
2017-09-09,1.16,,,
2017-09-10,1.16,,,
2017-09-11,1.16,2.14,,
2017-09-12,1.16,2.17,,
2017-09-13,1.16,2.2,,
2017-09-14,1.16,2.2,,
2017-09-15,1.16,2.2,,
2017-09-16,1.16,,,
2017-09-17,1.16,,,
2017-09-18,1.16,2.23,,
2017-09-19,1.16,2.24,,
2017-09-20,1.16,2.28,,
2017-09-21,1.16,2.27,,
2017-09-22,1.16,2.26,,
2017-09-23,1.16,,,
2017-09-24,1.16,,,
2017-09-25,1.16,2.22,,
2017-09-26,1.16,2.24,,
2017-09-27,1.16,2.31,,
2017-09-28,1.16,2.31,,
2017-09-29,1.06,2.33,,
2017-09-30,1.06,,,
2017-10-01,1.06,,246.626,4.2
2017-10-02,1.16,2.34,,
2017-10-03,1.16,2.33,,
2017-10-04,1.16,2.33,,
2017-10-05,1.16,2.35,,
2017-10-06,1.16,2.37,,
2017-10-07,1.16,,,
2017-10-08,1.16,,,
2017-10-09,1.16,,,
2017-10-10,1.16,2.35,,
2017-10-11,1.16,2.35,,
2017-10-12,1.16,2.33,,
2017-10-13,1.16,2.28,,
2017-10-14,1.16,,,
2017-10-15,1.16,,,
2017-10-16,1.16,2.3,,
2017-10-17,1.16,2.3,,
2017-10-18,1.16,2.34,,
2017-10-19,1.16,2.33,,
2017-10-20,1.16,2.39,,
2017-10-21,1.16,,,
2017-10-22,1.16,,,
2017-10-23,1.16,2.38,,
2017-10-24,1.16,2.42,,
2017-10-25,1.16,2.44,,
2017-10-26,1.16,2.46,,
2017-10-27,1.16,2.42,,
2017-10-28,1.16,,,
2017-10-29,1.16,,,
2017-10-30,1.16,2.37,,
2017-10-31,1.07,2.38,,
2017-11-01,1.16,2.37,247.284,4.2
2017-11-02,1.16,2.35,,
2017-11-03,1.16,2.34,,
2017-11-04,1.16,,,
2017-11-05,1.16,,,
2017-11-06,1.16,2.32,,
2017-11-07,1.16,2.32,,
2017-11-08,1.16,2.32,,
2017-11-09,1.16,2.33,,
2017-11-10,1.16,2.4,,
2017-11-11,1.16,,,
2017-11-12,1.16,,,
2017-11-13,1.16,2.4,,
2017-11-14,1.16,2.38,,
2017-11-15,1.16,2.33,,
2017-11-16,1.16,2.37,,
2017-11-17,1.16,2.35,,
2017-11-18,1.16,,,
2017-11-19,1.16,,,
2017-11-20,1.16,2.37,,
2017-11-21,1.16,2.36,,
2017-11-22,1.16,2.32,,
2017-11-23,1.16,,,
2017-11-24,1.16,2.34,,
2017-11-25,1.16,,,
2017-11-26,1.16,,,
2017-11-27,1.16,2.32,,
2017-11-28,1.16,2.34,,
2017-11-29,1.16,2.37,,
2017-11-30,1.07,2.42,,
2017-12-01,1.16,2.37,247.805,4.1
2017-12-02,1.16,,,
2017-12-03,1.16,,,
2017-12-04,1.16,2.37,,
2017-12-05,1.16,2.36,,
2017-12-06,1.16,2.33,,
2017-12-07,1.16,2.37,,
2017-12-08,1.16,2.38,,
2017-12-09,1.16,,,
2017-12-10,1.16,,,
2017-12-11,1.16,2.39,,
2017-12-12,1.17,2.4,,
2017-12-13,1.17,2.36,,
2017-12-14,1.41,2.35,,
2017-12-15,1.41,2.35,,
2017-12-16,1.41,,,
2017-12-17,1.41,,,
2017-12-18,1.42,2.39,,
2017-12-19,1.42,2.46,,
2017-12-20,1.42,2.49,,
2017-12-21,1.42,2.48,,
2017-12-22,1.42,2.48,,
2017-12-23,1.42,,,
2017-12-24,1.42,,,
2017-12-25,1.42,,,
2017-12-26,1.42,2.47,,
2017-12-27,1.42,2.42,,
2017-12-28,1.42,2.43,,
2017-12-29,1.33,2.4,,
2017-12-30,1.33,,,
2017-12-31,1.33,,,
2018-01-01,1.33,,248.859,4.0
2018-01-02,1.42,2.46,,
2018-01-03,1.42,2.44,,
2018-01-04,1.42,2.46,,
2018-01-05,1.42,2.47,,
2018-01-06,1.42,,,
2018-01-07,1.42,,,
2018-01-08,1.42,2.49,,
2018-01-09,1.42,2.55,,
2018-01-10,1.42,2.55,,
2018-01-11,1.42,2.54,,
2018-01-12,1.42,2.55,,
2018-01-13,1.42,,,
2018-01-14,1.42,,,
2018-01-15,1.42,,,
2018-01-16,1.42,2.54,,
2018-01-17,1.42,2.57,,
2018-01-18,1.42,2.62,,
2018-01-19,1.42,2.64,,
2018-01-20,1.42,,,
2018-01-21,1.42,,,
2018-01-22,1.42,2.66,,
2018-01-23,1.42,2.63,,
2018-01-24,1.42,2.65,,
2018-01-25,1.42,2.63,,
2018-01-26,1.42,2.66,,
2018-01-27,1.42,,,
2018-01-28,1.42,,,
2018-01-29,1.42,2.7,,
2018-01-30,1.42,2.73,,
2018-01-31,1.34,2.72,,
2018-02-01,1.42,2.78,249.529,4.1
2018-02-02,1.42,2.84,,
2018-02-03,1.42,,,
2018-02-04,1.42,,,
2018-02-05,1.42,2.77,,
2018-02-06,1.42,2.79,,
2018-02-07,1.42,2.84,,
2018-02-08,1.42,2.85,,
2018-02-09,1.42,2.83,,
2018-02-10,1.42,,,
2018-02-11,1.42,,,
2018-02-12,1.42,2.86,,
2018-02-13,1.42,2.83,,
2018-02-14,1.42,2.91,,
2018-02-15,1.42,2.9,,
2018-02-16,1.42,2.87,,
2018-02-17,1.42,,,
2018-02-18,1.42,,,
2018-02-19,1.42,,,
2018-02-20,1.42,2.88,,
2018-02-21,1.42,2.94,,
2018-02-22,1.42,2.92,,
2018-02-23,1.42,2.88,,
2018-02-24,1.42,,,
2018-02-25,1.42,,,
2018-02-26,1.42,2.86,,
2018-02-27,1.42,2.9,,
2018-02-28,1.35,2.87,,
2018-03-01,1.42,2.81,249.577,4.0
2018-03-02,1.42,2.86,,
2018-03-03,1.42,,,
2018-03-04,1.42,,,
2018-03-05,1.42,2.88,,
2018-03-06,1.42,2.88,,
2018-03-07,1.42,2.89,,
2018-03-08,1.42,2.86,,
2018-03-09,1.42,2.9,,
2018-03-10,1.42,,,
2018-03-11,1.42,,,
2018-03-12,1.42,2.87,,
2018-03-13,1.42,2.84,,
2018-03-14,1.42,2.81,,
2018-03-15,1.43,2.82,,
2018-03-16,1.43,2.85,,
2018-03-17,1.43,,,
2018-03-18,1.43,,,
2018-03-19,1.43,2.85,,
2018-03-20,1.44,2.89,,
2018-03-21,1.44,2.89,,
2018-03-22,1.68,2.83,,
2018-03-23,1.68,2.82,,
2018-03-24,1.68,,,
2018-03-25,1.68,,,
2018-03-26,1.68,2.85,,
2018-03-27,1.68,2.78,,
2018-03-28,1.68,2.77,,
2018-03-29,1.68,2.74,,
2018-03-30,1.67,,,
2018-03-31,1.67,,,
2018-04-01,1.67,,250.227,4.0
2018-04-02,1.68,2.73,,
2018-04-03,1.69,2.79,,
2018-04-04,1.69,2.79,,
2018-04-05,1.69,2.83,,
2018-04-06,1.69,2.77,,
2018-04-07,1.69,,,
2018-04-08,1.69,,,
2018-04-09,1.69,2.78,,
2018-04-10,1.69,2.8,,
2018-04-11,1.69,2.79,,
2018-04-12,1.69,2.83,,
2018-04-13,1.69,2.82,,
2018-04-14,1.69,,,
2018-04-15,1.69,,,
2018-04-16,1.69,2.83,,
2018-04-17,1.69,2.82,,
2018-04-18,1.69,2.87,,
2018-04-19,1.69,2.92,,
2018-04-20,1.7,2.96,,
2018-04-21,1.7,,,
2018-04-22,1.7,,,
2018-04-23,1.7,2.98,,
2018-04-24,1.7,3.0,,
2018-04-25,1.7,3.03,,
2018-04-26,1.7,3.0,,
2018-04-27,1.7,2.96,,
2018-04-28,1.7,,,
2018-04-29,1.7,,,
2018-04-30,1.69,2.95,,
2018-05-01,1.7,2.97,250.792,3.8
2018-05-02,1.7,2.97,,
2018-05-03,1.7,2.94,,
2018-05-04,1.7,2.95,,
2018-05-05,1.7,,,
2018-05-06,1.7,,,
2018-05-07,1.7,2.95,,
2018-05-08,1.7,2.97,,
2018-05-09,1.7,3.0,,
2018-05-10,1.7,2.97,,
2018-05-11,1.7,2.97,,
2018-05-12,1.7,,,
2018-05-13,1.7,,,
2018-05-14,1.7,3.0,,
2018-05-15,1.7,3.08,,
2018-05-16,1.7,3.09,,
2018-05-17,1.7,3.11,,
2018-05-18,1.7,3.06,,
2018-05-19,1.7,,,
2018-05-20,1.7,,,
2018-05-21,1.7,3.06,,
2018-05-22,1.7,3.06,,
2018-05-23,1.7,3.01,,
2018-05-24,1.7,2.98,,
2018-05-25,1.7,2.93,,
2018-05-26,1.7,,,
2018-05-27,1.7,,,
2018-05-28,1.7,,,
2018-05-29,1.7,2.77,,
2018-05-30,1.7,2.84,,
2018-05-31,1.7,2.83,,
2018-06-01,1.7,2.89,251.018,4.0
2018-06-02,1.7,,,
2018-06-03,1.7,,,
2018-06-04,1.7,2.94,,
2018-06-05,1.7,2.92,,
2018-06-06,1.7,2.97,,
2018-06-07,1.7,2.93,,
2018-06-08,1.7,2.93,,
2018-06-09,1.7,,,
2018-06-10,1.7,,,
2018-06-11,1.7,2.96,,
2018-06-12,1.7,2.96,,
2018-06-13,1.7,2.98,,
2018-06-14,1.9,2.94,,
2018-06-15,1.9,2.93,,
2018-06-16,1.9,,,
2018-06-17,1.9,,,
2018-06-18,1.9,2.92,,
2018-06-19,1.91,2.89,,
2018-06-20,1.92,2.93,,
2018-06-21,1.92,2.9,,
2018-06-22,1.92,2.9,,
2018-06-23,1.92,,,
2018-06-24,1.92,,,
2018-06-25,1.92,2.87,,
2018-06-26,1.92,2.88,,
2018-06-27,1.91,2.83,,
2018-06-28,1.91,2.84,,
2018-06-29,1.91,2.85,,
2018-06-30,1.91,,,
2018-07-01,1.91,,251.214,3.8
2018-07-02,1.91,2.87,,
2018-07-03,1.91,2.83,,
2018-07-04,1.91,,,
2018-07-05,1.91,2.84,,
2018-07-06,1.91,2.82,,
2018-07-07,1.91,,,
2018-07-08,1.91,,,
2018-07-09,1.91,2.86,,
2018-07-10,1.91,2.87,,
2018-07-11,1.91,2.85,,
2018-07-12,1.91,2.85,,
2018-07-13,1.91,2.83,,
2018-07-14,1.91,,,
2018-07-15,1.91,,,
2018-07-16,1.91,2.85,,
2018-07-17,1.91,2.86,,
2018-07-18,1.91,2.88,,
2018-07-19,1.91,2.84,,
2018-07-20,1.91,2.89,,
2018-07-21,1.91,,,
2018-07-22,1.91,,,
2018-07-23,1.91,2.96,,
2018-07-24,1.91,2.95,,
2018-07-25,1.91,2.94,,
2018-07-26,1.91,2.98,,
2018-07-27,1.91,2.96,,
2018-07-28,1.91,,,
2018-07-29,1.91,,,
2018-07-30,1.91,2.98,,
2018-07-31,1.91,2.96,,
2018-08-01,1.91,3.0,251.663,3.8
2018-08-02,1.91,2.98,,
2018-08-03,1.91,2.95,,
2018-08-04,1.91,,,
2018-08-05,1.91,,,
2018-08-06,1.91,2.94,,
2018-08-07,1.91,2.98,,
2018-08-08,1.91,2.96,,
2018-08-09,1.91,2.93,,
2018-08-10,1.91,2.87,,
2018-08-11,1.91,,,
2018-08-12,1.91,,,
2018-08-13,1.91,2.88,,
2018-08-14,1.91,2.89,,
2018-08-15,1.91,2.86,,
2018-08-16,1.92,2.87,,
2018-08-17,1.92,2.87,,
2018-08-18,1.92,,,
2018-08-19,1.92,,,
2018-08-20,1.92,2.82,,
2018-08-21,1.92,2.85,,
2018-08-22,1.92,2.82,,
2018-08-23,1.92,2.82,,
2018-08-24,1.92,2.82,,
2018-08-25,1.92,,,
2018-08-26,1.92,,,
2018-08-27,1.92,2.85,,
2018-08-28,1.92,2.88,,
2018-08-29,1.92,2.89,,
2018-08-30,1.92,2.86,,
2018-08-31,1.91,2.86,,
2018-09-01,1.91,,252.182,3.7
2018-09-02,1.91,,,
2018-09-03,1.91,,,
2018-09-04,1.92,2.9,,
2018-09-05,1.92,2.9,,
2018-09-06,1.92,2.88,,
2018-09-07,1.92,2.94,,
2018-09-08,1.92,,,
2018-09-09,1.92,,,
2018-09-10,1.92,2.94,,
2018-09-11,1.92,2.98,,
2018-09-12,1.92,2.97,,
2018-09-13,1.92,2.97,,
2018-09-14,1.92,2.99,,
2018-09-15,1.92,,,
2018-09-16,1.92,,,
2018-09-17,1.92,2.99,,
2018-09-18,1.92,3.05,,
2018-09-19,1.92,3.08,,
2018-09-20,1.92,3.07,,
2018-09-21,1.92,3.07,,
2018-09-22,1.92,,,
2018-09-23,1.92,,,
2018-09-24,1.93,3.08,,
2018-09-25,1.93,3.1,,
2018-09-26,1.93,3.06,,
2018-09-27,2.18,3.06,,
2018-09-28,2.18,3.05,,
2018-09-29,2.18,,,
2018-09-30,2.18,,,
2018-10-01,2.18,3.09,252.772,3.8
2018-10-02,2.18,3.05,,
2018-10-03,2.18,3.15,,
2018-10-04,2.18,3.19,,
2018-10-05,2.18,3.23,,
2018-10-06,2.18,,,
2018-10-07,2.18,,,
2018-10-08,2.18,,,
2018-10-09,2.18,3.21,,
2018-10-10,2.18,3.22,,
2018-10-11,2.18,3.14,,
2018-10-12,2.18,3.15,,
2018-10-13,2.18,,,
2018-10-14,2.18,,,
2018-10-15,2.18,3.16,,
2018-10-16,2.18,3.16,,
2018-10-17,2.19,3.19,,
2018-10-18,2.19,3.17,,
2018-10-19,2.19,3.2,,
2018-10-20,2.19,,,
2018-10-21,2.19,,,
2018-10-22,2.19,3.2,,
2018-10-23,2.2,3.17,,
2018-10-24,2.2,3.1,,
2018-10-25,2.2,3.14,,
2018-10-26,2.2,3.08,,
2018-10-27,2.2,,,
2018-10-28,2.2,,,
2018-10-29,2.2,3.08,,
2018-10-30,2.2,3.12,,
2018-10-31,2.2,3.15,,
2018-11-01,2.2,3.14,252.594,3.8
2018-11-02,2.19,3.22,,
2018-11-03,2.19,,,
2018-11-04,2.19,,,
2018-11-05,2.2,3.2,,
2018-11-06,2.2,3.22,,
2018-11-07,2.2,3.22,,
2018-11-08,2.2,3.24,,
2018-11-09,2.19,3.19,,
2018-11-10,2.19,,,
2018-11-11,2.19,,,
2018-11-12,2.19,,,
2018-11-13,2.2,3.14,,
2018-11-14,2.2,3.12,,
2018-11-15,2.2,3.11,,
2018-11-16,2.2,3.08,,
2018-11-17,2.2,,,
2018-11-18,2.2,,,
2018-11-19,2.2,3.06,,
2018-11-20,2.2,3.06,,
2018-11-21,2.2,3.06,,
2018-11-22,2.2,,,
2018-11-23,2.2,3.05,,
2018-11-24,2.2,,,
2018-11-25,2.2,,,
2018-11-26,2.2,3.07,,
2018-11-27,2.2,3.06,,
2018-11-28,2.2,3.06,,
2018-11-29,2.2,3.03,,
2018-11-30,2.2,3.01,,
2018-12-01,2.2,,252.767,3.9
2018-12-02,2.2,,,
2018-12-03,2.19,2.98,,
2018-12-04,2.2,2.91,,
2018-12-05,2.2,,,
2018-12-06,2.2,2.87,,
2018-12-07,2.19,2.85,,
2018-12-08,2.19,,,
2018-12-09,2.19,,,
2018-12-10,2.2,2.85,,
2018-12-11,2.19,2.89,,
2018-12-12,2.19,2.91,,
2018-12-13,2.19,2.91,,
2018-12-14,2.19,2.89,,
2018-12-15,2.19,,,
2018-12-16,2.19,,,
2018-12-17,2.2,2.86,,
2018-12-18,2.2,2.82,,
2018-12-19,2.2,2.77,,
2018-12-20,2.4,2.79,,
2018-12-21,2.4,2.79,,
2018-12-22,2.4,,,
2018-12-23,2.4,,,
2018-12-24,2.4,2.74,,
2018-12-25,2.4,,,
2018-12-26,2.4,2.81,,
2018-12-27,2.4,2.77,,
2018-12-28,2.4,2.72,,
2018-12-29,2.4,,,
2018-12-30,2.4,,,
2018-12-31,2.4,2.69,,
2019-01-01,2.4,,252.561,4.0
2019-01-02,2.4,2.66,,
2019-01-03,2.4,2.56,,
2019-01-04,2.4,2.67,,
2019-01-05,2.4,,,
2019-01-06,2.4,,,
2019-01-07,2.4,2.7,,
2019-01-08,2.4,2.73,,
2019-01-09,2.4,2.74,,
2019-01-10,2.4,2.74,,
2019-01-11,2.4,2.71,,
2019-01-12,2.4,,,
2019-01-13,2.4,,,
2019-01-14,2.4,2.71,,
2019-01-15,2.4,2.72,,
2019-01-16,2.4,2.73,,
2019-01-17,2.4,2.75,,
2019-01-18,2.4,2.79,,
2019-01-19,2.4,,,
2019-01-20,2.4,,,
2019-01-21,2.4,,,
2019-01-22,2.4,2.74,,
2019-01-23,2.4,2.76,,
2019-01-24,2.4,2.72,,
2019-01-25,2.4,2.76,,
2019-01-26,2.4,,,
2019-01-27,2.4,,,
2019-01-28,2.4,2.75,,
2019-01-29,2.4,2.72,,
2019-01-30,2.4,2.7,,
2019-01-31,2.4,2.63,,
2019-02-01,2.4,2.7,253.319,3.8
2019-02-02,2.4,,,
2019-02-03,2.4,,,
2019-02-04,2.4,2.73,,
2019-02-05,2.4,2.71,,
2019-02-06,2.4,2.7,,
2019-02-07,2.4,2.65,,
2019-02-08,2.4,2.63,,
2019-02-09,2.4,,,
2019-02-10,2.4,,,
2019-02-11,2.4,2.65,,
2019-02-12,2.4,2.68,,
2019-02-13,2.4,2.71,,
2019-02-14,2.4,2.66,,
2019-02-15,2.4,2.66,,
2019-02-16,2.4,,,
2019-02-17,2.4,,,
2019-02-18,2.4,,,
2019-02-19,2.4,2.65,,
2019-02-20,2.4,2.65,,
2019-02-21,2.4,2.69,,
2019-02-22,2.4,2.65,,
2019-02-23,2.4,,,
2019-02-24,2.4,,,
2019-02-25,2.4,2.67,,
2019-02-26,2.4,2.64,,
2019-02-27,2.4,2.69,,
2019-02-28,2.4,2.73,,
2019-03-01,2.4,2.76,254.277,3.8
2019-03-02,2.4,,,
2019-03-03,2.4,,,
2019-03-04,2.4,2.72,,
2019-03-05,2.4,2.72,,
2019-03-06,2.4,2.69,,
2019-03-07,2.4,2.64,,
2019-03-08,2.4,2.62,,
2019-03-09,2.4,,,
2019-03-10,2.4,,,
2019-03-11,2.4,2.64,,
2019-03-12,2.4,2.61,,
2019-03-13,2.4,2.61,,
2019-03-14,2.4,2.63,,
2019-03-15,2.4,2.59,,
2019-03-16,2.4,,,
2019-03-17,2.4,,,
2019-03-18,2.4,2.6,,
2019-03-19,2.4,2.61,,
2019-03-20,2.41,2.54,,
2019-03-21,2.41,2.54,,
2019-03-22,2.41,2.44,,
2019-03-23,2.41,,,
2019-03-24,2.41,,,
2019-03-25,2.4,2.43,,
2019-03-26,2.4,2.41,,
2019-03-27,2.41,2.39,,
2019-03-28,2.41,2.39,,
2019-03-29,2.43,2.41,,
2019-03-30,2.43,,,
2019-03-31,2.43,,,
2019-04-01,2.41,2.49,255.233,3.7
2019-04-02,2.41,2.48,,
2019-04-03,2.41,2.52,,
2019-04-04,2.41,2.51,,
2019-04-05,2.41,2.5,,
2019-04-06,2.41,,,
2019-04-07,2.41,,,
2019-04-08,2.41,2.52,,
2019-04-09,2.41,2.51,,
2019-04-10,2.41,2.48,,
2019-04-11,2.41,2.51,,
2019-04-12,2.41,2.56,,
2019-04-13,2.41,,,
2019-04-14,2.41,,,
2019-04-15,2.41,2.55,,
2019-04-16,2.41,2.6,,
2019-04-17,2.42,2.59,,
2019-04-18,2.43,2.57,,
2019-04-19,2.44,,,
2019-04-20,2.44,,,
2019-04-21,2.44,,,
2019-04-22,2.44,2.59,,
2019-04-23,2.44,2.57,,
2019-04-24,2.44,2.53,,
2019-04-25,2.44,2.54,,
2019-04-26,2.44,2.51,,
2019-04-27,2.44,,,
2019-04-28,2.44,,,
2019-04-29,2.45,2.54,,
2019-04-30,2.45,2.51,,
2019-05-01,2.45,2.52,255.296,3.6
2019-05-02,2.41,2.55,,
2019-05-03,2.4,2.54,,
2019-05-04,2.4,,,
2019-05-05,2.4,,,
2019-05-06,2.4,2.51,,
2019-05-07,2.4,2.45,,
2019-05-08,2.39,2.49,,
2019-05-09,2.38,2.45,,
2019-05-10,2.38,2.47,,
2019-05-11,2.38,,,
2019-05-12,2.38,,,
2019-05-13,2.38,2.4,,
2019-05-14,2.38,2.42,,
2019-05-15,2.4,2.37,,
2019-05-16,2.39,2.4,,
2019-05-17,2.39,2.39,,
2019-05-18,2.39,,,
2019-05-19,2.39,,,
2019-05-20,2.39,2.41,,
2019-05-21,2.39,2.43,,
2019-05-22,2.38,2.39,,
2019-05-23,2.38,2.31,,
2019-05-24,2.38,2.32,,
2019-05-25,2.38,,,
2019-05-26,2.38,,,
2019-05-27,2.38,,,
2019-05-28,2.39,2.26,,
2019-05-29,2.39,2.25,,
2019-05-30,2.39,2.22,,
2019-05-31,2.4,2.14,,
2019-06-01,2.4,,255.213,3.6
2019-06-02,2.4,,,
2019-06-03,2.38,2.07,,
2019-06-04,2.38,2.12,,
2019-06-05,2.38,2.12,,
2019-06-06,2.37,2.12,,
2019-06-07,2.37,2.09,,
2019-06-08,2.37,,,
2019-06-09,2.37,,,
2019-06-10,2.37,2.15,,
2019-06-11,2.37,2.15,,
2019-06-12,2.37,2.13,,
2019-06-13,2.37,2.1,,
2019-06-14,2.36,2.09,,
2019-06-15,2.36,,,
2019-06-16,2.36,,,
2019-06-17,2.38,2.09,,
2019-06-18,2.37,2.06,,
2019-06-19,2.37,2.03,,
2019-06-20,2.37,2.01,,
2019-06-21,2.38,2.07,,
2019-06-22,2.38,,,
2019-06-23,2.38,,,
2019-06-24,2.38,2.02,,
2019-06-25,2.38,2.0,,
2019-06-26,2.38,2.05,,
2019-06-27,2.38,2.01,,
2019-06-28,2.4,2.0,,
2019-06-29,2.4,,,
2019-06-30,2.4,,,
2019-07-01,2.39,2.03,255.802,3.7
2019-07-02,2.4,1.98,,
2019-07-03,2.41,1.96,,
2019-07-04,2.41,,,
2019-07-05,2.42,2.04,,
2019-07-06,2.42,,,
2019-07-07,2.42,,,
2019-07-08,2.41,2.05,,
2019-07-09,2.41,2.07,,
2019-07-10,2.41,2.07,,
2019-07-11,2.4,2.13,,
2019-07-12,2.38,2.12,,
2019-07-13,2.38,,,
2019-07-14,2.38,,,
2019-07-15,2.4,2.09,,
2019-07-16,2.41,2.13,,
2019-07-17,2.41,2.06,,
2019-07-18,2.41,2.04,,
2019-07-19,2.41,2.05,,
2019-07-20,2.41,,,
2019-07-21,2.41,,,
2019-07-22,2.4,2.05,,
2019-07-23,2.4,2.08,,
2019-07-24,2.4,2.05,,
2019-07-25,2.4,2.08,,
2019-07-26,2.4,2.08,,
2019-07-27,2.4,,,
2019-07-28,2.4,,,
2019-07-29,2.4,2.06,,
2019-07-30,2.39,2.06,,
2019-07-31,2.4,2.02,,
2019-08-01,2.14,1.9,256.036,3.6
2019-08-02,2.14,1.86,,
2019-08-03,2.14,,,
2019-08-04,2.14,,,
2019-08-05,2.13,1.75,,
2019-08-06,2.13,1.73,,
2019-08-07,2.12,1.71,,
2019-08-08,2.12,1.72,,
2019-08-09,2.12,1.74,,
2019-08-10,2.12,,,
2019-08-11,2.12,,,
2019-08-12,2.12,1.65,,
2019-08-13,2.12,1.68,,
2019-08-14,2.12,1.59,,
2019-08-15,2.13,1.52,,
2019-08-16,2.13,1.55,,
2019-08-17,2.13,,,
2019-08-18,2.13,,,
2019-08-19,2.13,1.6,,
2019-08-20,2.13,1.55,,
2019-08-21,2.12,1.59,,
2019-08-22,2.12,1.62,,
2019-08-23,2.12,1.52,,
2019-08-24,2.12,,,
2019-08-25,2.12,,,
2019-08-26,2.12,1.54,,
2019-08-27,2.12,1.49,,
2019-08-28,2.12,1.47,,
2019-08-29,2.12,1.5,,
2019-08-30,2.13,1.5,,
2019-08-31,2.13,,,
2019-09-01,2.13,,256.43,3.5
2019-09-02,2.13,,,
2019-09-03,2.13,1.47,,
2019-09-04,2.13,1.47,,
2019-09-05,2.13,1.57,,
2019-09-06,2.12,1.55,,
2019-09-07,2.12,,,
2019-09-08,2.12,,,
2019-09-09,2.13,1.63,,
2019-09-10,2.13,1.72,,
2019-09-11,2.13,1.75,,
2019-09-12,2.13,1.79,,
2019-09-13,2.14,1.9,,
2019-09-14,2.14,,,
2019-09-15,2.14,,,
2019-09-16,2.25,1.84,,
2019-09-17,2.3,1.81,,
2019-09-18,2.25,1.8,,
2019-09-19,1.9,1.79,,
2019-09-20,1.9,1.74,,
2019-09-21,1.9,,,
2019-09-22,1.9,,,
2019-09-23,1.9,1.72,,
2019-09-24,1.9,1.64,,
2019-09-25,1.9,1.73,,
2019-09-26,1.85,1.7,,
2019-09-27,1.83,1.69,,
2019-09-28,1.83,,,
2019-09-29,1.83,,,
2019-09-30,1.9,1.68,,
2019-10-01,1.88,1.65,257.155,3.6
2019-10-02,1.85,1.6,,
2019-10-03,1.83,1.54,,
2019-10-04,1.82,1.52,,
2019-10-05,1.82,,,
2019-10-06,1.82,,,
2019-10-07,1.82,1.56,,
2019-10-08,1.82,1.54,,
2019-10-09,1.82,1.59,,
2019-10-10,1.82,1.67,,
2019-10-11,1.82,1.76,,
2019-10-12,1.82,,,
2019-10-13,1.82,,,
2019-10-14,1.82,,,
2019-10-15,1.9,1.77,,
2019-10-16,1.9,1.75,,
2019-10-17,1.85,1.76,,
2019-10-18,1.85,1.76,,
2019-10-19,1.85,,,
2019-10-20,1.85,,,
2019-10-21,1.85,1.8,,
2019-10-22,1.85,1.78,,
2019-10-23,1.85,1.77,,
2019-10-24,1.85,1.77,,
2019-10-25,1.83,1.8,,
2019-10-26,1.83,,,
2019-10-27,1.83,,,
2019-10-28,1.83,1.85,,
2019-10-29,1.82,1.84,,
2019-10-30,1.82,1.78,,
2019-10-31,1.58,1.69,,
2019-11-01,1.57,1.73,257.879,3.6
2019-11-02,1.57,,,
2019-11-03,1.57,,,
2019-11-04,1.56,1.79,,
2019-11-05,1.56,1.86,,
2019-11-06,1.55,1.81,,
2019-11-07,1.55,1.92,,
2019-11-08,1.55,1.94,,
2019-11-09,1.55,,,
2019-11-10,1.55,,,
2019-11-11,1.55,,,
2019-11-12,1.55,1.92,,
2019-11-13,1.55,1.88,,
2019-11-14,1.55,1.82,,
2019-11-15,1.55,1.84,,
2019-11-16,1.55,,,
2019-11-17,1.55,,,
2019-11-18,1.55,1.81,,
2019-11-19,1.55,1.79,,
2019-11-20,1.55,1.73,,
2019-11-21,1.55,1.77,,
2019-11-22,1.55,1.77,,
2019-11-23,1.55,,,
2019-11-24,1.55,,,
2019-11-25,1.55,1.76,,
2019-11-26,1.55,1.74,,
2019-11-27,1.55,1.77,,
2019-11-28,1.55,,,
2019-11-29,1.56,1.78,,
2019-11-30,1.56,,,
2019-12-01,1.56,,258.63,3.6
2019-12-02,1.56,1.83,,
2019-12-03,1.55,1.72,,
2019-12-04,1.55,1.77,,
2019-12-05,1.55,1.8,,
2019-12-06,1.55,1.84,,
2019-12-07,1.55,,,
2019-12-08,1.55,,,
2019-12-09,1.55,1.83,,
2019-12-10,1.55,1.85,,
2019-12-11,1.55,1.79,,
2019-12-12,1.55,1.9,,
2019-12-13,1.55,1.82,,
2019-12-14,1.55,,,
2019-12-15,1.55,,,
2019-12-16,1.56,1.89,,
2019-12-17,1.55,1.89,,
2019-12-18,1.55,1.92,,
2019-12-19,1.55,1.92,,
2019-12-20,1.55,1.92,,
2019-12-21,1.55,,,
2019-12-22,1.55,,,
2019-12-23,1.55,1.93,,
2019-12-24,1.55,1.9,,
2019-12-25,1.55,,,
2019-12-26,1.55,1.9,,
2019-12-27,1.55,1.88,,
2019-12-28,1.55,,,
2019-12-29,1.55,,,
2019-12-30,1.55,1.9,,
2019-12-31,1.55,1.92,,
2020-01-01,1.55,,259.127,3.6
2020-01-02,1.55,1.88,,
2020-01-03,1.55,1.8,,
2020-01-04,1.55,,,
2020-01-05,1.55,,,
2020-01-06,1.55,1.81,,
2020-01-07,1.55,1.83,,
2020-01-08,1.55,1.87,,
2020-01-09,1.55,1.85,,
2020-01-10,1.54,1.83,,
2020-01-11,1.54,,,
2020-01-12,1.54,,,
2020-01-13,1.54,1.85,,
2020-01-14,1.54,1.82,,
2020-01-15,1.54,1.79,,
2020-01-16,1.54,1.81,,
2020-01-17,1.55,1.84,,
2020-01-18,1.55,,,
2020-01-19,1.55,,,
2020-01-20,1.55,,,
2020-01-21,1.55,1.78,,
2020-01-22,1.55,1.77,,
2020-01-23,1.55,1.74,,
2020-01-24,1.55,1.7,,
2020-01-25,1.55,,,
2020-01-26,1.55,,,
2020-01-27,1.55,1.61,,
2020-01-28,1.55,1.65,,
2020-01-29,1.55,1.6,,
2020-01-30,1.6,1.57,,
2020-01-31,1.59,1.51,,
2020-02-01,1.59,,259.25,3.5
2020-02-02,1.59,,,
2020-02-03,1.59,1.54,,
2020-02-04,1.59,1.61,,
2020-02-05,1.59,1.66,,
2020-02-06,1.59,1.65,,
2020-02-07,1.58,1.59,,
2020-02-08,1.58,,,
2020-02-09,1.58,,,
2020-02-10,1.58,1.56,,
2020-02-11,1.58,1.59,,
2020-02-12,1.58,1.62,,
2020-02-13,1.58,1.61,,
2020-02-14,1.58,1.59,,
2020-02-15,1.58,,,
2020-02-16,1.58,,,
2020-02-17,1.58,,,
2020-02-18,1.59,1.55,,
2020-02-19,1.59,1.56,,
2020-02-20,1.59,1.52,,
2020-02-21,1.58,1.46,,
2020-02-22,1.58,,,
2020-02-23,1.58,,,
2020-02-24,1.58,1.38,,
2020-02-25,1.58,1.33,,
2020-02-26,1.58,1.33,,
2020-02-27,1.58,1.3,,
2020-02-28,1.58,1.13,,
2020-02-29,1.58,,,
2020-03-01,1.58,,258.076,4.4
2020-03-02,1.59,1.1,,
2020-03-03,1.59,1.02,,
2020-03-04,1.09,1.02,,
2020-03-05,1.09,0.92,,
2020-03-06,1.09,0.74,,
2020-03-07,1.09,,,
2020-03-08,1.09,,,
2020-03-09,1.09,0.54,,
2020-03-10,1.09,0.76,,
2020-03-11,1.09,0.82,,
2020-03-12,1.1,0.88,,
2020-03-13,1.1,0.94,,
2020-03-14,1.1,,,
2020-03-15,1.1,,,
2020-03-16,0.25,0.73,,
2020-03-17,0.25,1.02,,
2020-03-18,0.25,1.18,,
2020-03-19,0.2,1.12,,
2020-03-20,0.15,0.92,,
2020-03-21,0.15,,,
2020-03-22,0.15,,,
2020-03-23,0.15,0.76,,
2020-03-24,0.12,0.84,,
2020-03-25,0.1,0.88,,
2020-03-26,0.1,0.83,,
2020-03-27,0.1,0.72,,
2020-03-28,0.1,,,
2020-03-29,0.1,,,
2020-03-30,0.09,0.7,,
2020-03-31,0.08,0.7,,
2020-04-01,0.06,0.62,256.032,14.8
2020-04-02,0.05,0.63,,
2020-04-03,0.05,0.62,,
2020-04-04,0.05,,,
2020-04-05,0.05,,,
2020-04-06,0.05,0.67,,
2020-04-07,0.05,0.75,,
2020-04-08,0.05,0.77,,
2020-04-09,0.05,0.73,,
2020-04-10,0.05,,,
2020-04-11,0.05,,,
2020-04-12,0.05,,,
2020-04-13,0.05,0.76,,
2020-04-14,0.05,0.76,,
2020-04-15,0.05,0.63,,
2020-04-16,0.05,0.61,,
2020-04-17,0.05,0.65,,
2020-04-18,0.05,,,
2020-04-19,0.05,,,
2020-04-20,0.05,0.63,,
2020-04-21,0.05,0.58,,
2020-04-22,0.05,0.63,,
2020-04-23,0.04,0.61,,
2020-04-24,0.05,0.6,,
2020-04-25,0.05,,,
2020-04-26,0.05,,,
2020-04-27,0.04,0.67,,
2020-04-28,0.04,0.62,,
2020-04-29,0.04,0.63,,
2020-04-30,0.05,0.64,,
2020-05-01,0.05,0.64,255.802,13.2
2020-05-02,0.05,,,
2020-05-03,0.05,,,
2020-05-04,0.05,0.64,,
2020-05-05,0.05,0.66,,
2020-05-06,0.05,0.72,,
2020-05-07,0.05,0.63,,
2020-05-08,0.05,0.69,,
2020-05-09,0.05,,,
2020-05-10,0.05,,,
2020-05-11,0.05,0.73,,
2020-05-12,0.05,0.69,,
2020-05-13,0.05,0.64,,
2020-05-14,0.05,0.63,,
2020-05-15,0.05,0.64,,
2020-05-16,0.05,,,
2020-05-17,0.05,,,
2020-05-18,0.05,0.73,,
2020-05-19,0.05,0.7,,
2020-05-20,0.05,0.68,,
2020-05-21,0.05,0.68,,
2020-05-22,0.05,0.66,,
2020-05-23,0.05,,,
2020-05-24,0.05,,,
2020-05-25,0.05,,,
2020-05-26,0.05,0.69,,
2020-05-27,0.05,0.68,,
2020-05-28,0.05,0.7,,
2020-05-29,0.05,0.65,,
2020-05-30,0.05,,,
2020-05-31,0.05,,,
2020-06-01,0.05,0.66,257.042,11.0
2020-06-02,0.06,0.68,,
2020-06-03,0.06,0.77,,
2020-06-04,0.06,0.82,,
2020-06-05,0.07,0.91,,
2020-06-06,0.07,,,
2020-06-07,0.07,,,
2020-06-08,0.07,0.88,,
2020-06-09,0.07,0.84,,
2020-06-10,0.08,0.75,,
2020-06-11,0.08,0.66,,
2020-06-12,0.08,0.71,,
2020-06-13,0.08,,,
2020-06-14,0.08,,,
2020-06-15,0.09,0.71,,
2020-06-16,0.09,0.75,,
2020-06-17,0.09,0.74,,
2020-06-18,0.09,0.71,,
2020-06-19,0.09,0.7,,
2020-06-20,0.09,,,
2020-06-21,0.09,,,
2020-06-22,0.08,0.71,,
2020-06-23,0.08,0.72,,
2020-06-24,0.08,0.69,,
2020-06-25,0.08,0.68,,
2020-06-26,0.08,0.64,,
2020-06-27,0.08,,,
2020-06-28,0.08,,,
2020-06-29,0.08,0.64,,
2020-06-30,0.08,0.66,,
2020-07-01,0.08,0.69,258.352,10.2
2020-07-02,0.09,0.68,,
2020-07-03,0.09,,,
2020-07-04,0.09,,,
2020-07-05,0.09,,,
2020-07-06,0.09,0.69,,
2020-07-07,0.09,0.65,,
2020-07-08,0.09,0.67,,
2020-07-09,0.09,0.62,,
2020-07-10,0.09,0.65,,
2020-07-11,0.09,,,
2020-07-12,0.09,,,
2020-07-13,0.09,0.64,,
2020-07-14,0.09,0.63,,
2020-07-15,0.1,0.64,,
2020-07-16,0.1,0.62,,
2020-07-17,0.09,0.64,,
2020-07-18,0.09,,,
2020-07-19,0.09,,,
2020-07-20,0.1,0.62,,
2020-07-21,0.1,0.61,,
2020-07-22,0.09,0.6,,
2020-07-23,0.09,0.59,,
2020-07-24,0.09,0.59,,
2020-07-25,0.09,,,
2020-07-26,0.09,,,
2020-07-27,0.1,0.62,,
2020-07-28,0.1,0.59,,
2020-07-29,0.1,0.58,,
2020-07-30,0.1,0.55,,
2020-07-31,0.1,0.55,,
2020-08-01,0.1,,259.316,8.4
2020-08-02,0.1,,,
2020-08-03,0.1,0.56,,
2020-08-04,0.1,0.52,,
2020-08-05,0.1,0.55,,
2020-08-06,0.1,0.55,,
2020-08-07,0.1,0.57,,
2020-08-08,0.1,,,
2020-08-09,0.1,,,
2020-08-10,0.1,0.59,,
2020-08-11,0.1,0.64,,
2020-08-12,0.1,0.69,,
2020-08-13,0.1,0.71,,
2020-08-14,0.1,0.71,,
2020-08-15,0.1,,,
2020-08-16,0.1,,,
2020-08-17,0.1,0.69,,
2020-08-18,0.09,0.67,,
2020-08-19,0.09,0.68,,
2020-08-20,0.09,0.65,,
2020-08-21,0.09,0.64,,
2020-08-22,0.09,,,
2020-08-23,0.09,,,
2020-08-24,0.09,0.65,,
2020-08-25,0.09,0.69,,
2020-08-26,0.09,0.69,,
2020-08-27,0.08,0.74,,
2020-08-28,0.09,0.74,,
2020-08-29,0.09,,,
2020-08-30,0.09,,,
2020-08-31,0.09,0.72,,
2020-09-01,0.09,0.68,259.997,7.8
2020-09-02,0.09,0.66,,
2020-09-03,0.09,0.63,,
2020-09-04,0.09,0.72,,
2020-09-05,0.09,,,
2020-09-06,0.09,,,
2020-09-07,0.09,,,
2020-09-08,0.09,0.69,,
2020-09-09,0.09,0.71,,
2020-09-10,0.09,0.68,,
2020-09-11,0.09,0.67,,
2020-09-12,0.09,,,
2020-09-13,0.09,,,
2020-09-14,0.09,0.68,,
2020-09-15,0.09,0.68,,
2020-09-16,0.09,0.69,,
2020-09-17,0.09,0.69,,
2020-09-18,0.09,0.7,,
2020-09-19,0.09,,,
2020-09-20,0.09,,,
2020-09-21,0.09,0.68,,
2020-09-22,0.09,0.68,,
2020-09-23,0.09,0.68,,
2020-09-24,0.09,0.67,,
2020-09-25,0.09,0.66,,
2020-09-26,0.09,,,
2020-09-27,0.09,,,
2020-09-28,0.09,0.67,,
2020-09-29,0.09,0.66,,
2020-09-30,0.09,0.69,,
2020-10-01,0.09,0.68,260.319,6.9
2020-10-02,0.09,0.7,,
2020-10-03,0.09,,,
2020-10-04,0.09,,,
2020-10-05,0.09,0.78,,
2020-10-06,0.09,0.76,,
2020-10-07,0.09,0.81,,
2020-10-08,0.09,0.78,,
2020-10-09,0.09,0.79,,
2020-10-10,0.09,,,
2020-10-11,0.09,,,
2020-10-12,0.09,,,
2020-10-13,0.09,0.74,,
2020-10-14,0.09,0.73,,
2020-10-15,0.09,0.74,,
2020-10-16,0.09,0.76,,
2020-10-17,0.09,,,
2020-10-18,0.09,,,
2020-10-19,0.09,0.78,,
2020-10-20,0.09,0.81,,
2020-10-21,0.09,0.83,,
2020-10-22,0.09,0.87,,
2020-10-23,0.09,0.85,,
2020-10-24,0.09,,,
2020-10-25,0.09,,,
2020-10-26,0.09,0.81,,
2020-10-27,0.09,0.79,,
2020-10-28,0.09,0.79,,
2020-10-29,0.09,0.85,,
2020-10-30,0.09,0.88,,
2020-10-31,0.09,,,
2020-11-01,0.09,,260.911,6.7
2020-11-02,0.09,0.87,,
2020-11-03,0.09,0.9,,
2020-11-04,0.09,0.78,,
2020-11-05,0.09,0.79,,
2020-11-06,0.09,0.83,,
2020-11-07,0.09,,,
2020-11-08,0.09,,,
2020-11-09,0.09,0.96,,
2020-11-10,0.09,0.98,,
2020-11-11,0.09,,,
2020-11-12,0.09,0.88,,
2020-11-13,0.09,0.89,,
2020-11-14,0.09,,,
2020-11-15,0.09,,,
2020-11-16,0.09,0.91,,
2020-11-17,0.09,0.87,,
2020-11-18,0.09,0.88,,
2020-11-19,0.08,0.86,,
2020-11-20,0.08,0.83,,
2020-11-21,0.08,,,
2020-11-22,0.08,,,
2020-11-23,0.08,0.86,,
2020-11-24,0.08,0.88,,
2020-11-25,0.08,0.88,,
2020-11-26,0.08,,,
2020-11-27,0.08,0.84,,
2020-11-28,0.08,,,
2020-11-29,0.08,,,
2020-11-30,0.09,0.84,,
2020-12-01,0.09,0.92,262.045,6.7
2020-12-02,0.09,0.95,,
2020-12-03,0.09,0.92,,
2020-12-04,0.09,0.97,,
2020-12-05,0.09,,,
2020-12-06,0.09,,,
2020-12-07,0.09,0.94,,
2020-12-08,0.09,0.92,,
2020-12-09,0.09,0.95,,
2020-12-10,0.09,0.92,,
2020-12-11,0.09,0.9,,
2020-12-12,0.09,,,
2020-12-13,0.09,,,
2020-12-14,0.09,0.9,,
2020-12-15,0.09,0.92,,
2020-12-16,0.09,0.92,,
2020-12-17,0.09,0.94,,
2020-12-18,0.09,0.95,,
2020-12-19,0.09,,,
2020-12-20,0.09,,,
2020-12-21,0.09,0.95,,
2020-12-22,0.09,0.93,,
2020-12-23,0.09,0.96,,
2020-12-24,0.09,0.94,,
2020-12-25,0.09,,,
2020-12-26,0.09,,,
2020-12-27,0.09,,,
2020-12-28,0.09,0.94,,
2020-12-29,0.09,0.94,,
2020-12-30,0.09,0.93,,
2020-12-31,0.09,0.93,,
2021-01-01,0.09,,262.687,6.4
2021-01-02,0.09,,,
2021-01-03,0.09,,,
2021-01-04,0.09,0.93,,
2021-01-05,0.09,0.96,,
2021-01-06,0.09,1.04,,
2021-01-07,0.09,1.08,,
2021-01-08,0.09,1.13,,
2021-01-09,0.09,,,
2021-01-10,0.09,,,
2021-01-11,0.09,1.15,,
2021-01-12,0.09,1.15,,
2021-01-13,0.09,1.1,,
2021-01-14,0.09,1.15,,
2021-01-15,0.09,1.11,,
2021-01-16,0.09,,,
2021-01-17,0.09,,,
2021-01-18,0.09,,,
2021-01-19,0.09,1.1,,
2021-01-20,0.09,1.1,,
2021-01-21,0.08,1.12,,
2021-01-22,0.08,1.1,,
2021-01-23,0.08,,,
2021-01-24,0.08,,,
2021-01-25,0.08,1.05,,
2021-01-26,0.08,1.05,,
2021-01-27,0.08,1.04,,
2021-01-28,0.07,1.07,,
2021-01-29,0.07,1.11,,
2021-01-30,0.07,,,
2021-01-31,0.07,,,
2021-02-01,0.08,1.09,263.579,6.2
2021-02-02,0.08,1.12,,
2021-02-03,0.08,1.15,,
2021-02-04,0.08,1.15,,
2021-02-05,0.08,1.19,,
2021-02-06,0.08,,,
2021-02-07,0.08,,,
2021-02-08,0.07,1.19,,
2021-02-09,0.08,1.18,,
2021-02-10,0.08,1.15,,
2021-02-11,0.08,1.16,,
2021-02-12,0.08,1.2,,
2021-02-13,0.08,,,
2021-02-14,0.08,,,
2021-02-15,0.08,,,
2021-02-16,0.08,1.3,,
2021-02-17,0.08,1.29,,
2021-02-18,0.07,1.29,,
2021-02-19,0.07,1.34,,
2021-02-20,0.07,,,
2021-02-21,0.07,,,
2021-02-22,0.07,1.37,,
2021-02-23,0.07,1.37,,
2021-02-24,0.07,1.38,,
2021-02-25,0.07,1.54,,
2021-02-26,0.07,1.44,,
2021-02-27,0.07,,,
2021-02-28,0.07,,,
2021-03-01,0.07,1.45,264.961,6.1
2021-03-02,0.07,1.42,,
2021-03-03,0.07,1.47,,
2021-03-04,0.07,1.54,,
2021-03-05,0.07,1.56,,
2021-03-06,0.07,,,
2021-03-07,0.07,,,
2021-03-08,0.07,1.59,,
2021-03-09,0.07,1.55,,
2021-03-10,0.07,1.53,,
2021-03-11,0.07,1.54,,
2021-03-12,0.07,1.64,,
2021-03-13,0.07,,,
2021-03-14,0.07,,,
2021-03-15,0.07,1.62,,
2021-03-16,0.07,1.62,,
2021-03-17,0.07,1.63,,
2021-03-18,0.07,1.71,,
2021-03-19,0.07,1.74,,
2021-03-20,0.07,,,
2021-03-21,0.07,,,
2021-03-22,0.07,1.69,,
2021-03-23,0.07,1.63,,
2021-03-24,0.07,1.62,,
2021-03-25,0.07,1.63,,
2021-03-26,0.07,1.67,,
2021-03-27,0.07,,,
2021-03-28,0.07,,,
2021-03-29,0.07,1.73,,
2021-03-30,0.07,1.73,,
2021-03-31,0.06,1.74,,
2021-04-01,0.07,1.69,266.614,6.1
2021-04-02,0.07,1.72,,
2021-04-03,0.07,,,
2021-04-04,0.07,,,
2021-04-05,0.07,1.73,,
2021-04-06,0.07,1.67,,
2021-04-07,0.07,1.68,,
2021-04-08,0.07,1.64,,
2021-04-09,0.07,1.67,,
2021-04-10,0.07,,,
2021-04-11,0.07,,,
2021-04-12,0.07,1.69,,
2021-04-13,0.07,1.64,,
2021-04-14,0.07,1.64,,
2021-04-15,0.07,1.56,,
2021-04-16,0.07,1.59,,
2021-04-17,0.07,,,
2021-04-18,0.07,,,
2021-04-19,0.07,1.61,,
2021-04-20,0.07,1.58,,
2021-04-21,0.07,1.57,,
2021-04-22,0.07,1.57,,
2021-04-23,0.07,1.58,,
2021-04-24,0.07,,,
2021-04-25,0.07,,,
2021-04-26,0.07,1.58,,
2021-04-27,0.07,1.63,,
2021-04-28,0.07,1.63,,
2021-04-29,0.06,1.65,,
2021-04-30,0.05,1.65,,
2021-05-01,0.05,,268.383,5.8
2021-05-02,0.05,,,
2021-05-03,0.06,1.63,,
2021-05-04,0.06,1.61,,
2021-05-05,0.06,1.59,,
2021-05-06,0.06,1.58,,
2021-05-07,0.06,1.6,,
2021-05-08,0.06,,,
2021-05-09,0.06,,,
2021-05-10,0.06,1.63,,
2021-05-11,0.06,1.64,,
2021-05-12,0.06,1.69,,
2021-05-13,0.06,1.66,,
2021-05-14,0.06,1.63,,
2021-05-15,0.06,,,
2021-05-16,0.06,,,
2021-05-17,0.06,1.64,,
2021-05-18,0.06,1.64,,
2021-05-19,0.06,1.68,,
2021-05-20,0.06,1.63,,
2021-05-21,0.06,1.63,,
2021-05-22,0.06,,,
2021-05-23,0.06,,,
2021-05-24,0.06,1.61,,
2021-05-25,0.06,1.56,,
2021-05-26,0.06,1.58,,
2021-05-27,0.06,1.61,,
2021-05-28,0.05,1.58,,
2021-05-29,0.05,,,
2021-05-30,0.05,,,
2021-05-31,0.05,,,
2021-06-01,0.06,1.62,270.654,5.9
2021-06-02,0.06,1.59,,
2021-06-03,0.06,1.63,,
2021-06-04,0.06,1.56,,
2021-06-05,0.06,,,
2021-06-06,0.06,,,
2021-06-07,0.06,1.57,,
2021-06-08,0.06,1.53,,
2021-06-09,0.06,1.5,,
2021-06-10,0.06,1.45,,
2021-06-11,0.06,1.47,,
2021-06-12,0.06,,,
2021-06-13,0.06,,,
2021-06-14,0.06,1.51,,
2021-06-15,0.06,1.51,,
2021-06-16,0.06,1.57,,
2021-06-17,0.1,1.52,,
2021-06-18,0.1,1.45,,
2021-06-19,0.1,,,
2021-06-20,0.1,,,
2021-06-21,0.1,1.5,,
2021-06-22,0.1,1.48,,
2021-06-23,0.1,1.5,,
2021-06-24,0.1,1.49,,
2021-06-25,0.1,1.54,,
2021-06-26,0.1,,,
2021-06-27,0.1,,,
2021-06-28,0.1,1.49,,
2021-06-29,0.1,1.49,,
2021-06-30,0.08,1.45,,
2021-07-01,0.1,1.48,271.903,5.4
2021-07-02,0.1,1.44,,
2021-07-03,0.1,,,
2021-07-04,0.1,,,
2021-07-05,0.1,,,
2021-07-06,0.1,1.37,,
2021-07-07,0.1,1.33,,
2021-07-08,0.1,1.3,,
2021-07-09,0.1,1.37,,
2021-07-10,0.1,,,
2021-07-11,0.1,,,
2021-07-12,0.1,1.38,,
2021-07-13,0.1,1.42,,
2021-07-14,0.1,1.37,,
2021-07-15,0.1,1.31,,
2021-07-16,0.1,1.31,,
2021-07-17,0.1,,,
2021-07-18,0.1,,,
2021-07-19,0.1,1.19,,
2021-07-20,0.1,1.23,,
2021-07-21,0.1,1.3,,
2021-07-22,0.1,1.27,,
2021-07-23,0.1,1.3,,
2021-07-24,0.1,,,
2021-07-25,0.1,,,
2021-07-26,0.1,1.29,,
2021-07-27,0.1,1.25,,
2021-07-28,0.1,1.26,,
2021-07-29,0.1,1.28,,
2021-07-30,0.07,1.24,,
2021-07-31,0.07,,,
2021-08-01,0.07,,272.676,5.1
2021-08-02,0.1,1.2,,
2021-08-03,0.1,1.19,,
2021-08-04,0.1,1.19,,
2021-08-05,0.1,1.23,,
2021-08-06,0.1,1.31,,
2021-08-07,0.1,,,
2021-08-08,0.1,,,
2021-08-09,0.1,1.33,,
2021-08-10,0.1,1.36,,
2021-08-11,0.1,1.35,,
2021-08-12,0.1,1.36,,
2021-08-13,0.1,1.29,,
2021-08-14,0.1,,,
2021-08-15,0.1,,,
2021-08-16,0.1,1.26,,
2021-08-17,0.1,1.26,,
2021-08-18,0.09,1.27,,
2021-08-19,0.09,1.24,,
2021-08-20,0.09,1.26,,
2021-08-21,0.09,,,
2021-08-22,0.09,,,
2021-08-23,0.09,1.25,,
2021-08-24,0.09,1.29,,
2021-08-25,0.09,1.35,,
2021-08-26,0.09,1.34,,
2021-08-27,0.08,1.31,,
2021-08-28,0.08,,,
2021-08-29,0.08,,,
2021-08-30,0.08,1.29,,
2021-08-31,0.06,1.3,,
2021-09-01,0.08,1.31,273.91,4.7
2021-09-02,0.08,1.29,,
2021-09-03,0.08,1.33,,
2021-09-04,0.08,,,
2021-09-05,0.08,,,
2021-09-06,0.08,,,
2021-09-07,0.08,1.38,,
2021-09-08,0.08,1.35,,
2021-09-09,0.08,1.3,,
2021-09-10,0.08,1.35,,
2021-09-11,0.08,,,
2021-09-12,0.08,,,
2021-09-13,0.08,1.33,,
2021-09-14,0.08,1.28,,
2021-09-15,0.08,1.31,,
2021-09-16,0.08,1.34,,
2021-09-17,0.08,1.37,,
2021-09-18,0.08,,,
2021-09-19,0.08,,,
2021-09-20,0.08,1.31,,
2021-09-21,0.08,1.33,,
2021-09-22,0.08,1.32,,
2021-09-23,0.08,1.41,,
2021-09-24,0.08,1.47,,
2021-09-25,0.08,,,
2021-09-26,0.08,,,
2021-09-27,0.08,1.48,,
2021-09-28,0.08,1.54,,
2021-09-29,0.08,1.55,,
2021-09-30,0.06,1.52,,
2021-10-01,0.08,1.48,276.55,4.5
2021-10-02,0.08,,,
2021-10-03,0.08,,,
2021-10-04,0.08,1.49,,
2021-10-05,0.08,1.54,,
2021-10-06,0.08,1.53,,
2021-10-07,0.08,1.58,,
2021-10-08,0.08,1.61,,
2021-10-09,0.08,,,
2021-10-10,0.08,,,
2021-10-11,0.08,,,
2021-10-12,0.08,1.59,,
2021-10-13,0.08,1.56,,
2021-10-14,0.08,1.52,,
2021-10-15,0.08,1.59,,
2021-10-16,0.08,,,
2021-10-17,0.08,,,
2021-10-18,0.08,1.59,,
2021-10-19,0.08,1.65,,
2021-10-20,0.08,1.65,,
2021-10-21,0.08,1.68,,
2021-10-22,0.08,1.66,,
2021-10-23,0.08,,,
2021-10-24,0.08,,,
2021-10-25,0.08,1.64,,
2021-10-26,0.08,1.63,,
2021-10-27,0.08,1.54,,
2021-10-28,0.08,1.57,,
2021-10-29,0.07,1.55,,
2021-10-30,0.07,,,
2021-10-31,0.07,,,
2021-11-01,0.08,1.58,278.919,4.1
2021-11-02,0.08,1.56,,
2021-11-03,0.08,1.6,,
2021-11-04,0.08,1.53,,
2021-11-05,0.08,1.45,,
2021-11-06,0.08,,,
2021-11-07,0.08,,,
2021-11-08,0.08,1.51,,
2021-11-09,0.08,1.46,,
2021-11-10,0.08,1.56,,
2021-11-11,0.08,,,
2021-11-12,0.08,1.58,,
2021-11-13,0.08,,,
2021-11-14,0.08,,,
2021-11-15,0.08,1.63,,
2021-11-16,0.08,1.63,,
2021-11-17,0.08,1.6,,
2021-11-18,0.08,1.59,,
2021-11-19,0.08,1.54,,
2021-11-20,0.08,,,
2021-11-21,0.08,,,
2021-11-22,0.08,1.63,,
2021-11-23,0.08,1.67,,
2021-11-24,0.08,1.64,,
2021-11-25,0.08,,,
2021-11-26,0.08,1.48,,
2021-11-27,0.08,,,
2021-11-28,0.08,,,
2021-11-29,0.08,1.52,,
2021-11-30,0.07,1.43,,
2021-12-01,0.08,1.43,280.845,3.9
2021-12-02,0.08,1.44,,
2021-12-03,0.08,1.35,,
2021-12-04,0.08,,,
2021-12-05,0.08,,,
2021-12-06,0.08,1.43,,
2021-12-07,0.08,1.48,,
2021-12-08,0.08,1.52,,
2021-12-09,0.08,1.49,,
2021-12-10,0.08,1.48,,
2021-12-11,0.08,,,
2021-12-12,0.08,,,
2021-12-13,0.08,1.42,,
2021-12-14,0.08,1.44,,
2021-12-15,0.08,1.47,,
2021-12-16,0.08,1.44,,
2021-12-17,0.08,1.41,,
2021-12-18,0.08,,,
2021-12-19,0.08,,,
2021-12-20,0.08,1.43,,
2021-12-21,0.08,1.48,,
2021-12-22,0.08,1.46,,
2021-12-23,0.08,1.5,,
2021-12-24,0.08,,,
2021-12-25,0.08,,,
2021-12-26,0.08,,,
2021-12-27,0.08,1.48,,
2021-12-28,0.08,1.49,,
2021-12-29,0.08,1.55,,
2021-12-30,0.08,1.52,,
2021-12-31,0.07,1.52,,
2022-01-01,0.07,,282.543,4.0
2022-01-02,0.07,,,
2022-01-03,0.08,1.63,,
2022-01-04,0.08,1.66,,
2022-01-05,0.08,1.71,,
2022-01-06,0.08,1.73,,
2022-01-07,0.08,1.76,,
2022-01-08,0.08,,,
2022-01-09,0.08,,,
2022-01-10,0.08,1.78,,
2022-01-11,0.08,1.75,,
2022-01-12,0.08,1.74,,
2022-01-13,0.08,1.7,,
2022-01-14,0.08,1.78,,
2022-01-15,0.08,,,
2022-01-16,0.08,,,
2022-01-17,0.08,,,
2022-01-18,0.08,1.87,,
2022-01-19,0.08,1.83,,
2022-01-20,0.08,1.83,,
2022-01-21,0.08,1.75,,
2022-01-22,0.08,,,
2022-01-23,0.08,,,
2022-01-24,0.08,1.75,,
2022-01-25,0.08,1.78,,
2022-01-26,0.08,1.85,,
2022-01-27,0.08,1.81,,
2022-01-28,0.08,1.78,,
2022-01-29,0.08,,,
2022-01-30,0.08,,,
2022-01-31,0.08,1.79,,
2022-02-01,0.08,1.81,284.5,3.9
2022-02-02,0.08,1.78,,
2022-02-03,0.08,1.82,,
2022-02-04,0.08,1.93,,
2022-02-05,0.08,,,
2022-02-06,0.08,,,
2022-02-07,0.08,1.92,,
2022-02-08,0.08,1.96,,
2022-02-09,0.08,1.94,,
2022-02-10,0.08,2.03,,
2022-02-11,0.08,1.92,,
2022-02-12,0.08,,,
2022-02-13,0.08,,,
2022-02-14,0.08,1.98,,
2022-02-15,0.08,2.05,,
2022-02-16,0.08,2.03,,
2022-02-17,0.08,1.97,,
2022-02-18,0.08,1.92,,
2022-02-19,0.08,,,
2022-02-20,0.08,,,
2022-02-21,0.08,,,
2022-02-22,0.08,1.94,,
2022-02-23,0.08,1.99,,
2022-02-24,0.08,1.96,,
2022-02-25,0.08,1.97,,
2022-02-26,0.08,,,
2022-02-27,0.08,,,
2022-02-28,0.08,1.83,,
2022-03-01,0.08,1.72,287.674,3.7
2022-03-02,0.08,1.86,,
2022-03-03,0.08,1.86,,
2022-03-04,0.08,1.74,,
2022-03-05,0.08,,,
2022-03-06,0.08,,,
2022-03-07,0.08,1.78,,
2022-03-08,0.08,1.86,,
2022-03-09,0.08,1.94,,
2022-03-10,0.08,1.98,,
2022-03-11,0.08,2.0,,
2022-03-12,0.08,,,
2022-03-13,0.08,,,
2022-03-14,0.08,2.14,,
2022-03-15,0.08,2.15,,
2022-03-16,0.08,2.19,,
2022-03-17,0.33,2.2,,
2022-03-18,0.33,2.14,,
2022-03-19,0.33,,,
2022-03-20,0.33,,,
2022-03-21,0.33,2.32,,
2022-03-22,0.33,2.38,,
2022-03-23,0.33,2.32,,
2022-03-24,0.33,2.34,,
2022-03-25,0.33,2.48,,
2022-03-26,0.33,,,
2022-03-27,0.33,,,
2022-03-28,0.33,2.46,,
2022-03-29,0.33,2.41,,
2022-03-30,0.33,2.35,,
2022-03-31,0.33,2.32,,
2022-04-01,0.33,2.39,288.561,3.7
2022-04-02,0.33,,,
2022-04-03,0.33,,,
2022-04-04,0.33,2.42,,
2022-04-05,0.33,2.54,,
2022-04-06,0.33,2.61,,
2022-04-07,0.33,2.66,,
2022-04-08,0.33,2.72,,
2022-04-09,0.33,,,
2022-04-10,0.33,,,
2022-04-11,0.33,2.79,,
2022-04-12,0.33,2.72,,
2022-04-13,0.33,2.7,,
2022-04-14,0.33,2.83,,
2022-04-15,0.33,,,
2022-04-16,0.33,,,
2022-04-17,0.33,,,
2022-04-18,0.33,2.85,,
2022-04-19,0.33,2.93,,
2022-04-20,0.33,2.85,,
2022-04-21,0.33,2.9,,
2022-04-22,0.33,2.9,,
2022-04-23,0.33,,,
2022-04-24,0.33,,,
2022-04-25,0.33,2.81,,
2022-04-26,0.33,2.77,,
2022-04-27,0.33,2.82,,
2022-04-28,0.33,2.85,,
2022-04-29,0.33,2.89,,
2022-04-30,0.33,,,
2022-05-01,0.33,,291.298,3.6
2022-05-02,0.33,2.99,,
2022-05-03,0.33,2.97,,
2022-05-04,0.33,2.93,,
2022-05-05,0.83,3.05,,
2022-05-06,0.83,3.12,,
2022-05-07,0.83,,,
2022-05-08,0.83,,,
2022-05-09,0.83,3.05,,
2022-05-10,0.83,2.99,,
2022-05-11,0.83,2.91,,
2022-05-12,0.83,2.84,,
2022-05-13,0.83,2.93,,
2022-05-14,0.83,,,
2022-05-15,0.83,,,
2022-05-16,0.83,2.88,,
2022-05-17,0.83,2.98,,
2022-05-18,0.83,2.89,,
2022-05-19,0.83,2.84,,
2022-05-20,0.83,2.78,,
2022-05-21,0.83,,,
2022-05-22,0.83,,,
2022-05-23,0.83,2.86,,
2022-05-24,0.83,2.76,,
2022-05-25,0.83,2.75,,
2022-05-26,0.83,2.75,,
2022-05-27,0.83,2.74,,
2022-05-28,0.83,,,
2022-05-29,0.83,,,
2022-05-30,0.83,,,
2022-05-31,0.83,2.85,,
2022-06-01,0.83,2.94,294.957,3.6
2022-06-02,0.83,2.92,,
2022-06-03,0.83,2.96,,
2022-06-04,0.83,,,
2022-06-05,0.83,,,
2022-06-06,0.83,3.04,,
2022-06-07,0.83,2.98,,
2022-06-08,0.83,3.03,,
2022-06-09,0.83,3.04,,
2022-06-10,0.83,3.15,,
2022-06-11,0.83,,,
2022-06-12,0.83,,,
2022-06-13,0.83,3.43,,
2022-06-14,0.83,3.49,,
2022-06-15,0.83,3.33,,
2022-06-16,1.58,3.28,,
2022-06-17,1.58,3.25,,
2022-06-18,1.58,,,
2022-06-19,1.58,,,
2022-06-20,1.58,,,
2022-06-21,1.58,3.31,,
2022-06-22,1.58,3.16,,
2022-06-23,1.58,3.09,,
2022-06-24,1.58,3.13,,
2022-06-25,1.58,,,
2022-06-26,1.58,,,
2022-06-27,1.58,3.2,,
2022-06-28,1.58,3.2,,
2022-06-29,1.58,3.1,,
2022-06-30,1.58,2.98,,
2022-07-01,1.58,2.88,294.913,3.5
2022-07-02,1.58,,,
2022-07-03,1.58,,,
2022-07-04,1.58,,,
2022-07-05,1.58,2.82,,
2022-07-06,1.58,2.93,,
2022-07-07,1.58,3.01,,
2022-07-08,1.58,3.09,,
2022-07-09,1.58,,,
2022-07-10,1.58,,,
2022-07-11,1.58,2.99,,
2022-07-12,1.58,2.96,,
2022-07-13,1.58,2.91,,
2022-07-14,1.58,2.96,,
2022-07-15,1.58,2.93,,
2022-07-16,1.58,,,
2022-07-17,1.58,,,
2022-07-18,1.58,2.96,,
2022-07-19,1.58,3.01,,
2022-07-20,1.58,3.04,,
2022-07-21,1.58,2.91,,
2022-07-22,1.58,2.77,,
2022-07-23,1.58,,,
2022-07-24,1.58,,,
2022-07-25,1.58,2.81,,
2022-07-26,1.58,2.81,,
2022-07-27,1.58,2.78,,
2022-07-28,2.33,2.68,,
2022-07-29,2.32,2.67,,
2022-07-30,2.32,,,
2022-07-31,2.32,,,
2022-08-01,2.33,2.6,295.097,3.6
2022-08-02,2.33,2.75,,
2022-08-03,2.33,2.73,,
2022-08-04,2.33,2.68,,
2022-08-05,2.33,2.83,,
2022-08-06,2.33,,,
2022-08-07,2.33,,,
2022-08-08,2.33,2.77,,
2022-08-09,2.33,2.8,,
2022-08-10,2.33,2.78,,
2022-08-11,2.33,2.87,,
2022-08-12,2.33,2.84,,
2022-08-13,2.33,,,
2022-08-14,2.33,,,
2022-08-15,2.33,2.79,,
2022-08-16,2.33,2.82,,
2022-08-17,2.33,2.89,,
2022-08-18,2.33,2.88,,
2022-08-19,2.33,2.98,,
2022-08-20,2.33,,,
2022-08-21,2.33,,,
2022-08-22,2.33,3.03,,
2022-08-23,2.33,3.05,,
2022-08-24,2.33,3.11,,
2022-08-25,2.33,3.03,,
2022-08-26,2.33,3.04,,
2022-08-27,2.33,,,
2022-08-28,2.33,,,
2022-08-29,2.33,3.12,,
2022-08-30,2.33,3.11,,
2022-08-31,2.33,3.15,,
2022-09-01,2.33,3.26,296.349,3.5
2022-09-02,2.33,3.2,,
2022-09-03,2.33,,,
2022-09-04,2.33,,,
2022-09-05,2.33,,,
2022-09-06,2.33,3.33,,
2022-09-07,2.33,3.27,,
2022-09-08,2.33,3.29,,
2022-09-09,2.33,3.33,,
2022-09-10,2.33,,,
2022-09-11,2.33,,,
2022-09-12,2.33,3.37,,
2022-09-13,2.33,3.42,,
2022-09-14,2.33,3.41,,
2022-09-15,2.33,3.45,,
2022-09-16,2.33,3.45,,
2022-09-17,2.33,,,
2022-09-18,2.33,,,
2022-09-19,2.33,3.49,,
2022-09-20,2.33,3.57,,
2022-09-21,2.33,3.51,,
2022-09-22,3.08,3.7,,
2022-09-23,3.08,3.69,,
2022-09-24,3.08,,,
2022-09-25,3.08,,,
2022-09-26,3.08,3.88,,
2022-09-27,3.08,3.97,,
2022-09-28,3.08,3.72,,
2022-09-29,3.08,3.76,,
2022-09-30,3.08,3.83,,
2022-10-01,3.08,,298.007,3.6
2022-10-02,3.08,,,
2022-10-03,3.08,3.67,,
2022-10-04,3.08,3.62,,
2022-10-05,3.08,3.76,,
2022-10-06,3.08,3.83,,
2022-10-07,3.08,3.89,,
2022-10-08,3.08,,,
2022-10-09,3.08,,,
2022-10-10,3.08,,,
2022-10-11,3.08,3.93,,
2022-10-12,3.08,3.91,,
2022-10-13,3.08,3.97,,
2022-10-14,3.08,4.0,,
2022-10-15,3.08,,,
2022-10-16,3.08,,,
2022-10-17,3.08,4.02,,
2022-10-18,3.08,4.01,,
2022-10-19,3.08,4.14,,
2022-10-20,3.08,4.24,,
2022-10-21,3.08,4.21,,
2022-10-22,3.08,,,
2022-10-23,3.08,,,
2022-10-24,3.08,4.25,,
2022-10-25,3.08,4.1,,
2022-10-26,3.08,4.04,,
2022-10-27,3.08,3.96,,
2022-10-28,3.08,4.02,,
2022-10-29,3.08,,,
2022-10-30,3.08,,,
2022-10-31,3.08,4.1,,
2022-11-01,3.08,4.07,298.786,3.6
2022-11-02,3.08,4.1,,
2022-11-03,3.83,4.14,,
2022-11-04,3.83,4.17,,
2022-11-05,3.83,,,
2022-11-06,3.83,,,
2022-11-07,3.83,4.22,,
2022-11-08,3.83,4.14,,
2022-11-09,3.83,4.12,,
2022-11-10,3.83,3.82,,
2022-11-11,3.83,,,
2022-11-12,3.83,,,
2022-11-13,3.83,,,
2022-11-14,3.83,3.88,,
2022-11-15,3.83,3.8,,
2022-11-16,3.83,3.67,,
2022-11-17,3.83,3.77,,
2022-11-18,3.83,3.82,,
2022-11-19,3.83,,,
2022-11-20,3.83,,,
2022-11-21,3.83,3.83,,
2022-11-22,3.83,3.76,,
2022-11-23,3.83,3.71,,
2022-11-24,3.83,,,
2022-11-25,3.83,3.68,,
2022-11-26,3.83,,,
2022-11-27,3.83,,,
2022-11-28,3.83,3.69,,
2022-11-29,3.83,3.75,,
2022-11-30,3.83,3.68,,
2022-12-01,3.83,3.53,298.832,3.5
2022-12-02,3.83,3.51,,
2022-12-03,3.83,,,
2022-12-04,3.83,,,
2022-12-05,3.83,3.6,,
2022-12-06,3.83,3.51,,
2022-12-07,3.83,3.42,,
2022-12-08,3.83,3.48,,
2022-12-09,3.83,3.57,,
2022-12-10,3.83,,,
2022-12-11,3.83,,,
2022-12-12,3.83,3.61,,
2022-12-13,3.83,3.51,,
2022-12-14,3.83,3.49,,
2022-12-15,4.33,3.44,,
2022-12-16,4.33,3.48,,
2022-12-17,4.33,,,
2022-12-18,4.33,,,
2022-12-19,4.33,3.57,,
2022-12-20,4.33,3.69,,
2022-12-21,4.33,3.68,,
2022-12-22,4.33,3.67,,
2022-12-23,4.33,3.75,,
2022-12-24,4.33,,,
2022-12-25,4.33,,,
2022-12-26,4.33,,,
2022-12-27,4.33,3.84,,
2022-12-28,4.33,3.88,,
2022-12-29,4.33,3.83,,
2022-12-30,4.33,3.88,,
2022-12-31,4.33,,,
2023-01-01,4.33,,300.42,3.5
2023-01-02,4.33,,,
2023-01-03,4.33,3.79,,
2023-01-04,4.33,3.69,,
2023-01-05,4.33,3.71,,
2023-01-06,4.33,3.55,,
2023-01-07,4.33,,,
2023-01-08,4.33,,,
2023-01-09,4.33,3.53,,
2023-01-10,4.33,3.61,,
2023-01-11,4.33,3.54,,
2023-01-12,4.33,3.43,,
2023-01-13,4.33,3.49,,
2023-01-14,4.33,,,
2023-01-15,4.33,,,
2023-01-16,4.33,,,
2023-01-17,4.33,3.53,,
2023-01-18,4.33,3.37,,
2023-01-19,4.33,3.39,,
2023-01-20,4.33,3.48,,
2023-01-21,4.33,,,
2023-01-22,4.33,,,
2023-01-23,4.33,3.52,,
2023-01-24,4.33,3.46,,
2023-01-25,4.33,3.46,,
2023-01-26,4.33,3.49,,
2023-01-27,4.33,3.52,,
2023-01-28,4.33,,,
2023-01-29,4.33,,,
2023-01-30,4.33,3.55,,
2023-01-31,4.33,3.52,,
2023-02-01,4.33,3.39,301.45,3.6
2023-02-02,4.58,3.4,,
2023-02-03,4.58,3.53,,
2023-02-04,4.58,,,
2023-02-05,4.58,,,
2023-02-06,4.58,3.63,,
2023-02-07,4.58,3.67,,
2023-02-08,4.58,3.63,,
2023-02-09,4.57,3.67,,
2023-02-10,4.58,3.74,,
2023-02-11,4.58,,,
2023-02-12,4.58,,,
2023-02-13,4.58,3.72,,
2023-02-14,4.58,3.77,,
2023-02-15,4.58,3.81,,
2023-02-16,4.58,3.86,,
2023-02-17,4.58,3.82,,
2023-02-18,4.58,,,
2023-02-19,4.58,,,
2023-02-20,4.58,,,
2023-02-21,4.58,3.95,,
2023-02-22,4.58,3.93,,
2023-02-23,4.58,3.88,,
2023-02-24,4.58,3.95,,
2023-02-25,4.58,,,
2023-02-26,4.58,,,
2023-02-27,4.57,3.92,,
2023-02-28,4.57,3.92,,
2023-03-01,4.58,4.01,301.821,3.5
2023-03-02,4.57,4.08,,
2023-03-03,4.57,3.97,,
2023-03-04,4.57,,,
2023-03-05,4.57,,,
2023-03-06,4.57,3.98,,
2023-03-07,4.57,3.97,,
2023-03-08,4.57,3.98,,
2023-03-09,4.57,3.93,,
2023-03-10,4.57,3.7,,
2023-03-11,4.57,,,
2023-03-12,4.57,,,
2023-03-13,4.58,3.55,,
2023-03-14,4.58,3.64,,
2023-03-15,4.58,3.51,,
2023-03-16,4.58,3.56,,
2023-03-17,4.58,3.39,,
2023-03-18,4.58,,,
2023-03-19,4.58,,,
2023-03-20,4.58,3.47,,
2023-03-21,4.58,3.59,,
2023-03-22,4.58,3.48,,
2023-03-23,4.83,3.38,,
2023-03-24,4.83,3.38,,
2023-03-25,4.83,,,
2023-03-26,4.83,,,
2023-03-27,4.83,3.53,,
2023-03-28,4.83,3.55,,
2023-03-29,4.83,3.57,,
2023-03-30,4.83,3.55,,
2023-03-31,4.83,3.48,,
2023-04-01,4.83,,302.845,3.4
2023-04-02,4.83,,,
2023-04-03,4.83,3.43,,
2023-04-04,4.83,3.35,,
2023-04-05,4.83,3.3,,
2023-04-06,4.83,3.3,,
2023-04-07,4.83,3.39,,
2023-04-08,4.83,,,
2023-04-09,4.83,,,
2023-04-10,4.83,3.41,,
2023-04-11,4.83,3.43,,
2023-04-12,4.83,3.41,,
2023-04-13,4.83,3.45,,
2023-04-14,4.83,3.52,,
2023-04-15,4.83,,,
2023-04-16,4.83,,,
2023-04-17,4.83,3.6,,
2023-04-18,4.83,3.58,,
2023-04-19,4.83,3.6,,
2023-04-20,4.83,3.54,,
2023-04-21,4.83,3.57,,
2023-04-22,4.83,,,
2023-04-23,4.83,,,
2023-04-24,4.83,3.52,,
2023-04-25,4.83,3.4,,
2023-04-26,4.83,3.43,,
2023-04-27,4.83,3.53,,
2023-04-28,4.83,3.44,,
2023-04-29,4.83,,,
2023-04-30,4.83,,,
2023-05-01,4.83,3.59,303.334,3.6
2023-05-02,4.83,3.44,,
2023-05-03,4.83,3.38,,
2023-05-04,5.08,3.37,,
2023-05-05,5.08,3.44,,
2023-05-06,5.08,,,
2023-05-07,5.08,,,
2023-05-08,5.08,3.52,,
2023-05-09,5.08,3.53,,
2023-05-10,5.08,3.43,,
2023-05-11,5.08,3.39,,
2023-05-12,5.08,3.46,,
2023-05-13,5.08,,,
2023-05-14,5.08,,,
2023-05-15,5.08,3.5,,
2023-05-16,5.08,3.54,,
2023-05-17,5.08,3.57,,
2023-05-18,5.08,3.65,,
2023-05-19,5.08,3.7,,
2023-05-20,5.08,,,
2023-05-21,5.08,,,
2023-05-22,5.08,3.72,,
2023-05-23,5.08,3.7,,
2023-05-24,5.08,3.73,,
2023-05-25,5.08,3.83,,
2023-05-26,5.08,3.8,,
2023-05-27,5.08,,,
2023-05-28,5.08,,,
2023-05-29,5.08,,,
2023-05-30,5.08,3.69,,
2023-05-31,5.08,3.64,,
2023-06-01,5.08,3.61,304.014,3.6
2023-06-02,5.08,3.69,,
2023-06-03,5.08,,,
2023-06-04,5.08,,,
2023-06-05,5.08,3.69,,
2023-06-06,5.08,3.7,,
2023-06-07,5.08,3.79,,
2023-06-08,5.08,3.73,,
2023-06-09,5.08,3.75,,
2023-06-10,5.08,,,
2023-06-11,5.08,,,
2023-06-12,5.08,3.73,,
2023-06-13,5.08,3.84,,
2023-06-14,5.08,3.83,,
2023-06-15,5.07,3.72,,
2023-06-16,5.08,3.77,,
2023-06-17,5.08,,,
2023-06-18,5.08,,,
2023-06-19,5.08,,,
2023-06-20,5.07,3.74,,
2023-06-21,5.07,3.72,,
2023-06-22,5.07,3.8,,
2023-06-23,5.07,3.74,,
2023-06-24,5.07,,,
2023-06-25,5.07,,,
2023-06-26,5.07,3.72,,
2023-06-27,5.07,3.77,,
2023-06-28,5.07,3.71,,
2023-06-29,5.07,3.85,,
2023-06-30,5.08,3.81,,
2023-07-01,5.08,,304.609,3.5
2023-07-02,5.08,,,
2023-07-03,5.08,3.86,,
2023-07-04,5.08,,,
2023-07-05,5.08,3.95,,
2023-07-06,5.08,4.05,,
2023-07-07,5.08,4.06,,
2023-07-08,5.08,,,
2023-07-09,5.08,,,
2023-07-10,5.07,4.01,,
2023-07-11,5.08,3.99,,
2023-07-12,5.08,3.86,,
2023-07-13,5.08,3.76,,
2023-07-14,5.08,3.83,,
2023-07-15,5.08,,,
2023-07-16,5.08,,,
2023-07-17,5.08,3.81,,
2023-07-18,5.08,3.8,,
2023-07-19,5.08,3.75,,
2023-07-20,5.08,3.85,,
2023-07-21,5.08,3.84,,
2023-07-22,5.08,,,
2023-07-23,5.08,,,
2023-07-24,5.08,3.86,,
2023-07-25,5.08,3.91,,
2023-07-26,5.08,3.86,,
2023-07-27,5.33,4.01,,
2023-07-28,5.33,3.96,,
2023-07-29,5.33,,,
2023-07-30,5.33,,,
2023-07-31,5.33,3.97,,
2023-08-01,5.33,4.05,306.082,3.7
2023-08-02,5.33,4.08,,
2023-08-03,5.33,4.2,,
2023-08-04,5.33,4.05,,
2023-08-05,5.33,,,
2023-08-06,5.33,,,
2023-08-07,5.33,4.09,,
2023-08-08,5.33,4.02,,
2023-08-09,5.33,4.0,,
2023-08-10,5.33,4.09,,
2023-08-11,5.33,4.16,,
2023-08-12,5.33,,,
2023-08-13,5.33,,,
2023-08-14,5.33,4.19,,
2023-08-15,5.33,4.21,,
2023-08-16,5.33,4.28,,
2023-08-17,5.33,4.3,,
2023-08-18,5.33,4.26,,
2023-08-19,5.33,,,
2023-08-20,5.33,,,
2023-08-21,5.33,4.34,,
2023-08-22,5.33,4.34,,
2023-08-23,5.33,4.19,,
2023-08-24,5.33,4.23,,
2023-08-25,5.33,4.25,,
2023-08-26,5.33,,,
2023-08-27,5.33,,,
2023-08-28,5.33,4.2,,
2023-08-29,5.33,4.12,,
2023-08-30,5.33,4.12,,
2023-08-31,5.33,4.09,,
2023-09-01,5.33,4.18,307.276,3.7
2023-09-02,5.33,,,
2023-09-03,5.33,,,
2023-09-04,5.33,,,
2023-09-05,5.33,4.27,,
2023-09-06,5.33,4.3,,
2023-09-07,5.33,4.27,,
2023-09-08,5.33,4.26,,
2023-09-09,5.33,,,
2023-09-10,5.33,,,
2023-09-11,5.33,4.29,,
2023-09-12,5.33,4.27,,
2023-09-13,5.33,4.25,,
2023-09-14,5.33,4.29,,
2023-09-15,5.33,4.33,,
2023-09-16,5.33,,,
2023-09-17,5.33,,,
2023-09-18,5.33,4.32,,
2023-09-19,5.33,4.37,,
2023-09-20,5.33,4.35,,
2023-09-21,5.33,4.49,,
2023-09-22,5.33,4.44,,
2023-09-23,5.33,,,
2023-09-24,5.33,,,
2023-09-25,5.33,4.55,,
2023-09-26,5.33,4.56,,
2023-09-27,5.33,4.61,,
2023-09-28,5.33,4.59,,
2023-09-29,5.33,4.59,,
2023-09-30,5.33,,,
2023-10-01,5.33,,307.696,3.9
2023-10-02,5.33,4.69,,
2023-10-03,5.33,4.81,,
2023-10-04,5.33,4.73,,
2023-10-05,5.33,4.72,,
2023-10-06,5.33,4.78,,
2023-10-07,5.33,,,
2023-10-08,5.33,,,
2023-10-09,5.33,,,
2023-10-10,5.33,4.66,,
2023-10-11,5.33,4.58,,
2023-10-12,5.33,4.7,,
2023-10-13,5.33,4.63,,
2023-10-14,5.33,,,
2023-10-15,5.33,,,
2023-10-16,5.33,4.71,,
2023-10-17,5.33,4.83,,
2023-10-18,5.33,4.91,,
2023-10-19,5.33,4.98,,
2023-10-20,5.33,4.93,,
2023-10-21,5.33,,,
2023-10-22,5.33,,,
2023-10-23,5.33,4.86,,
2023-10-24,5.33,4.83,,
2023-10-25,5.33,4.95,,
2023-10-26,5.33,4.86,,
2023-10-27,5.33,4.84,,
2023-10-28,5.33,,,
2023-10-29,5.33,,,
2023-10-30,5.33,4.88,,
2023-10-31,5.33,4.88,,
2023-11-01,5.33,4.77,308.148,3.7
2023-11-02,5.33,4.67,,
2023-11-03,5.33,4.57,,
2023-11-04,5.33,,,
2023-11-05,5.33,,,
2023-11-06,5.33,4.67,,
2023-11-07,5.33,4.58,,
2023-11-08,5.33,4.49,,
2023-11-09,5.33,4.62,,
2023-11-10,5.33,4.61,,
2023-11-11,5.33,,,
2023-11-12,5.33,,,
2023-11-13,5.33,4.63,,
2023-11-14,5.33,4.44,,
2023-11-15,5.33,4.53,,
2023-11-16,5.33,4.45,,
2023-11-17,5.33,4.44,,
2023-11-18,5.33,,,
2023-11-19,5.33,,,
2023-11-20,5.33,4.42,,
2023-11-21,5.33,4.41,,
2023-11-22,5.33,4.42,,
2023-11-23,5.33,,,
2023-11-24,5.33,4.47,,
2023-11-25,5.33,,,
2023-11-26,5.33,,,
2023-11-27,5.33,4.39,,
2023-11-28,5.33,4.34,,
2023-11-29,5.33,4.27,,
2023-11-30,5.33,4.37,,
2023-12-01,5.33,4.22,308.741,3.8
2023-12-02,5.33,,,
2023-12-03,5.33,,,
2023-12-04,5.33,4.28,,
2023-12-05,5.33,4.18,,
2023-12-06,5.33,4.12,,
2023-12-07,5.33,4.14,,
2023-12-08,5.33,4.23,,
2023-12-09,5.33,,,
2023-12-10,5.33,,,
2023-12-11,5.33,4.23,,
2023-12-12,5.33,4.2,,
2023-12-13,5.33,4.04,,
2023-12-14,5.33,3.92,,
2023-12-15,5.33,3.91,,
2023-12-16,5.33,,,
2023-12-17,5.33,,,
2023-12-18,5.33,3.95,,
2023-12-19,5.33,3.93,,
2023-12-20,5.33,3.86,,
2023-12-21,5.33,3.89,,
2023-12-22,5.33,3.9,,
2023-12-23,5.33,,,
2023-12-24,5.33,,,
2023-12-25,5.33,,,
2023-12-26,5.33,3.89,,
2023-12-27,5.33,3.79,,
2023-12-28,5.33,3.84,,
2023-12-29,5.33,3.88,,
2023-12-30,5.33,,,
2023-12-31,5.33,,,
2024-01-01,5.33,,309.698,3.7
2024-01-02,5.33,3.95,,
2024-01-03,5.33,3.91,,
2024-01-04,5.33,3.99,,
2024-01-05,5.33,4.05,,
2024-01-06,5.33,,,
2024-01-07,5.33,,,
2024-01-08,5.33,4.01,,
2024-01-09,5.33,4.02,,
2024-01-10,5.33,4.04,,
2024-01-11,5.33,3.98,,
2024-01-12,5.33,3.96,,
2024-01-13,5.33,,,
2024-01-14,5.33,,,
2024-01-15,5.33,,,
2024-01-16,5.33,4.07,,
2024-01-17,5.33,4.1,,
2024-01-18,5.33,4.14,,
2024-01-19,5.33,4.15,,
2024-01-20,5.33,,,
2024-01-21,5.33,,,
2024-01-22,5.33,4.11,,
2024-01-23,5.33,4.14,,
2024-01-24,5.33,4.18,,
2024-01-25,5.33,4.14,,
2024-01-26,5.33,4.15,,
2024-01-27,5.33,,,
2024-01-28,5.33,,,
2024-01-29,5.33,4.08,,
2024-01-30,5.33,4.06,,
2024-01-31,5.33,3.99,,
2024-02-01,5.33,3.87,310.967,3.9
2024-02-02,5.33,4.03,,
2024-02-03,5.33,,,
2024-02-04,5.33,,,
2024-02-05,5.33,4.17,,
2024-02-06,5.33,4.09,,
2024-02-07,5.33,4.09,,
2024-02-08,5.33,4.15,,
2024-02-09,5.33,4.17,,
2024-02-10,5.33,,,
2024-02-11,5.33,,,
2024-02-12,5.33,4.17,,
2024-02-13,5.33,4.31,,
2024-02-14,5.33,4.27,,
2024-02-15,5.33,4.24,,
2024-02-16,5.33,4.3,,
2024-02-17,5.33,,,
2024-02-18,5.33,,,
2024-02-19,5.33,,,
2024-02-20,5.33,4.27,,
2024-02-21,5.33,4.32,,
2024-02-22,5.33,4.33,,
2024-02-23,5.33,4.26,,
2024-02-24,5.33,,,
2024-02-25,5.33,,,
2024-02-26,5.33,4.28,,
2024-02-27,5.33,4.31,,
2024-02-28,5.33,4.27,,
2024-02-29,5.33,4.25,,
2024-03-01,5.33,4.19,312.345,3.9
2024-03-02,5.33,,,
2024-03-03,5.33,,,
2024-03-04,5.33,4.22,,
2024-03-05,5.33,4.13,,
2024-03-06,5.33,4.11,,
2024-03-07,5.33,4.09,,
2024-03-08,5.33,4.09,,
2024-03-09,5.33,,,
2024-03-10,5.33,,,
2024-03-11,5.33,4.1,,
2024-03-12,5.33,4.16,,
2024-03-13,5.33,4.19,,
2024-03-14,5.33,4.29,,
2024-03-15,5.33,4.31,,
2024-03-16,5.33,,,
2024-03-17,5.33,,,
2024-03-18,5.33,4.34,,
2024-03-19,5.33,4.3,,
2024-03-20,5.33,4.27,,
2024-03-21,5.33,4.27,,
2024-03-22,5.33,4.22,,
2024-03-23,5.33,,,
2024-03-24,5.33,,,
2024-03-25,5.33,4.25,,
2024-03-26,5.33,4.24,,
2024-03-27,5.33,4.2,,
2024-03-28,5.33,4.2,,
2024-03-29,5.33,,,
2024-03-30,5.33,,,
2024-03-31,5.33,,,
2024-04-01,5.33,4.33,313.023,3.9
2024-04-02,5.33,4.36,,
2024-04-03,5.33,4.36,,
2024-04-04,5.33,4.31,,
2024-04-05,5.33,4.39,,
2024-04-06,5.33,,,
2024-04-07,5.33,,,
2024-04-08,5.33,4.42,,
2024-04-09,5.33,4.36,,
2024-04-10,5.33,4.55,,
2024-04-11,5.33,4.56,,
2024-04-12,5.33,4.5,,
2024-04-13,5.33,,,
2024-04-14,5.33,,,
2024-04-15,5.33,4.63,,
2024-04-16,5.33,4.67,,
2024-04-17,5.33,4.59,,
2024-04-18,5.33,4.64,,
2024-04-19,5.33,4.62,,
2024-04-20,5.33,,,
2024-04-21,5.33,,,
2024-04-22,5.33,4.62,,
2024-04-23,5.33,4.61,,
2024-04-24,5.33,4.65,,
2024-04-25,5.33,4.7,,
2024-04-26,5.33,4.67,,
2024-04-27,5.33,,,
2024-04-28,5.33,,,
2024-04-29,5.33,4.63,,
2024-04-30,5.33,4.69,,
2024-05-01,5.33,4.63,313.175,3.9
2024-05-02,5.33,4.58,,
2024-05-03,5.33,4.5,,
2024-05-04,5.33,,,
2024-05-05,5.33,,,
2024-05-06,5.33,4.49,,
2024-05-07,5.33,4.47,,
2024-05-08,5.33,4.48,,
2024-05-09,5.33,4.45,,
2024-05-10,5.33,4.5,,
2024-05-11,5.33,,,
2024-05-12,5.33,,,
2024-05-13,5.33,4.48,,
2024-05-14,5.33,4.45,,
2024-05-15,5.33,4.36,,
2024-05-16,5.33,4.38,,
2024-05-17,5.33,4.42,,
2024-05-18,5.33,,,
2024-05-19,5.33,,,
2024-05-20,5.33,4.44,,
2024-05-21,5.33,4.41,,
2024-05-22,5.33,4.43,,
2024-05-23,5.33,4.47,,
2024-05-24,5.33,4.46,,
2024-05-25,5.33,,,
2024-05-26,5.33,,,
2024-05-27,5.33,,,
2024-05-28,5.33,4.54,,
2024-05-29,5.33,4.61,,
2024-05-30,5.33,4.55,,
2024-05-31,5.33,4.51,,
2024-06-01,5.33,,313.044,4.1
2024-06-02,5.33,,,
2024-06-03,5.33,4.41,,
2024-06-04,5.33,4.33,,
2024-06-05,5.33,4.29,,
2024-06-06,5.33,4.28,,
2024-06-07,5.33,4.43,,
2024-06-08,5.33,,,
2024-06-09,5.33,,,
2024-06-10,5.33,4.47,,
2024-06-11,5.33,4.39,,
2024-06-12,5.33,4.31,,
2024-06-13,5.33,4.24,,
2024-06-14,5.33,4.2,,
2024-06-15,5.33,,,
2024-06-16,5.33,,,
2024-06-17,5.33,4.28,,
2024-06-18,5.33,4.22,,
2024-06-19,5.33,,,
2024-06-20,5.33,4.25,,
2024-06-21,5.33,4.25,,
2024-06-22,5.33,,,
2024-06-23,5.33,,,
2024-06-24,5.33,4.25,,
2024-06-25,5.33,4.23,,
2024-06-26,5.33,4.32,,
2024-06-27,5.33,4.29,,
2024-06-28,5.33,4.36,,
2024-06-29,5.33,,,
2024-06-30,5.33,,,
2024-07-01,5.33,4.48,313.569,4.2
2024-07-02,5.33,4.43,,
2024-07-03,5.33,4.36,,
2024-07-04,5.33,,,
2024-07-05,5.33,4.28,,
2024-07-06,5.33,,,
2024-07-07,5.33,,,
2024-07-08,5.33,4.28,,
2024-07-09,5.33,4.3,,
2024-07-10,5.33,4.28,,
2024-07-11,5.33,4.2,,
2024-07-12,5.33,4.18,,
2024-07-13,5.33,,,
2024-07-14,5.33,,,
2024-07-15,5.33,4.23,,
2024-07-16,5.33,4.17,,
2024-07-17,5.33,4.16,,
2024-07-18,5.33,4.2,,
2024-07-19,5.33,4.25,,
2024-07-20,5.33,,,
2024-07-21,5.33,,,
2024-07-22,5.33,4.26,,
2024-07-23,5.33,4.25,,
2024-07-24,5.33,4.28,,
2024-07-25,5.33,4.27,,
2024-07-26,5.33,4.2,,
2024-07-27,5.33,,,
2024-07-28,5.33,,,
2024-07-29,5.33,4.17,,
2024-07-30,5.33,4.15,,
2024-07-31,5.33,4.09,,
2024-08-01,5.33,3.99,314.062,4.2
2024-08-02,5.33,3.8,,
2024-08-03,5.33,,,
2024-08-04,5.33,,,
2024-08-05,5.33,3.78,,
2024-08-06,5.33,3.9,,
2024-08-07,5.33,3.96,,
2024-08-08,5.33,3.99,,
2024-08-09,5.33,3.94,,
2024-08-10,5.33,,,
2024-08-11,5.33,,,
2024-08-12,5.33,3.9,,
2024-08-13,5.33,3.85,,
2024-08-14,5.33,3.83,,
2024-08-15,5.33,3.92,,
2024-08-16,5.33,3.89,,
2024-08-17,5.33,,,
2024-08-18,5.33,,,
2024-08-19,5.33,3.86,,
2024-08-20,5.33,3.82,,
2024-08-21,5.33,3.79,,
2024-08-22,5.33,3.86,,
2024-08-23,5.33,3.81,,
2024-08-24,5.33,,,
2024-08-25,5.33,,,
2024-08-26,5.33,3.82,,
2024-08-27,5.33,3.83,,
2024-08-28,5.33,3.84,,
2024-08-29,5.33,3.87,,
2024-08-30,5.33,3.91,,
2024-08-31,5.33,,,
2024-09-01,5.33,,314.732,4.1
2024-09-02,5.33,,,
2024-09-03,5.33,3.84,,
2024-09-04,5.33,3.77,,
2024-09-05,5.33,3.73,,
2024-09-06,5.33,3.72,,
2024-09-07,5.33,,,
2024-09-08,5.33,,,
2024-09-09,5.33,3.7,,
2024-09-10,5.33,3.65,,
2024-09-11,5.33,3.65,,
2024-09-12,5.33,3.68,,
2024-09-13,5.33,3.66,,
2024-09-14,5.33,,,
2024-09-15,5.33,,,
2024-09-16,5.33,3.63,,
2024-09-17,5.33,3.65,,
2024-09-18,5.33,3.7,,
2024-09-19,4.83,3.73,,
2024-09-20,4.83,3.73,,
2024-09-21,4.83,,,
2024-09-22,4.83,,,
2024-09-23,4.83,3.75,,
2024-09-24,4.83,3.74,,
2024-09-25,4.83,3.79,,
2024-09-26,4.83,3.79,,
2024-09-27,4.83,3.75,,
2024-09-28,4.83,,,
2024-09-29,4.83,,,
2024-09-30,4.83,3.81,,
2024-10-01,4.83,3.74,315.631,4.1
2024-10-02,4.83,3.79,,
2024-10-03,4.83,3.85,,
2024-10-04,4.83,3.98,,
2024-10-05,4.83,,,
2024-10-06,4.83,,,
2024-10-07,4.83,4.03,,
2024-10-08,4.83,4.04,,
2024-10-09,4.83,4.06,,
2024-10-10,4.83,4.09,,
2024-10-11,4.83,4.08,,
2024-10-12,4.83,,,
2024-10-13,4.83,,,
2024-10-14,4.83,,,
2024-10-15,4.83,4.03,,
2024-10-16,4.83,4.02,,
2024-10-17,4.83,4.09,,
2024-10-18,4.83,4.08,,
2024-10-19,4.83,,,
2024-10-20,4.83,,,
2024-10-21,4.83,4.19,,
2024-10-22,4.83,4.2,,
2024-10-23,4.83,4.24,,
2024-10-24,4.83,4.21,,
2024-10-25,4.83,4.25,,
2024-10-26,4.83,,,
2024-10-27,4.83,,,
2024-10-28,4.83,4.28,,
2024-10-29,4.83,4.28,,
2024-10-30,4.83,4.29,,
2024-10-31,4.83,4.28,,
2024-11-01,4.83,4.37,316.528,4.2
2024-11-02,4.83,,,
2024-11-03,4.83,,,
2024-11-04,4.83,4.31,,
2024-11-05,4.83,4.26,,
2024-11-06,4.83,4.42,,
2024-11-07,4.83,4.31,,
2024-11-08,4.58,4.3,,
2024-11-09,4.58,,,
2024-11-10,4.58,,,
2024-11-11,4.58,,,
2024-11-12,4.58,4.43,,
2024-11-13,4.58,4.44,,
2024-11-14,4.58,4.43,,
2024-11-15,4.58,4.43,,
2024-11-16,4.58,,,
2024-11-17,4.58,,,
2024-11-18,4.58,4.42,,
2024-11-19,4.58,4.39,,
2024-11-20,4.58,4.41,,
2024-11-21,4.58,4.43,,
2024-11-22,4.58,4.41,,
2024-11-23,4.58,,,
2024-11-24,4.58,,,
2024-11-25,4.58,4.27,,
2024-11-26,4.58,4.3,,
2024-11-27,4.58,4.25,,
2024-11-28,4.58,,,
2024-11-29,4.58,4.18,,
2024-11-30,4.58,,,
2024-12-01,4.58,,317.604,4.1
2024-12-02,4.58,4.19,,
2024-12-03,4.58,4.23,,
2024-12-04,4.58,4.19,,
2024-12-05,4.58,4.17,,
2024-12-06,4.58,4.15,,
2024-12-07,4.58,,,
2024-12-08,4.58,,,
2024-12-09,4.58,4.2,,
2024-12-10,4.58,4.22,,
2024-12-11,4.58,4.26,,
2024-12-12,4.58,4.32,,
2024-12-13,4.58,4.4,,
2024-12-14,4.58,,,
2024-12-15,4.58,,,
2024-12-16,4.58,4.39,,
2024-12-17,4.58,4.4,,
2024-12-18,4.58,4.5,,
2024-12-19,4.33,4.57,,
2024-12-20,4.33,4.52,,
2024-12-21,4.33,,,
2024-12-22,4.33,,,
2024-12-23,4.33,4.59,,
2024-12-24,4.33,4.59,,
2024-12-25,4.33,,,
2024-12-26,4.33,4.58,,
2024-12-27,4.33,4.62,,
2024-12-28,4.33,,,
2024-12-29,4.33,,,
2024-12-30,4.33,4.55,,
2024-12-31,4.33,4.58,,
2025-01-01,4.33,,318.961,4.0
2025-01-02,4.33,4.57,,
2025-01-03,4.33,4.6,,
2025-01-04,4.33,,,
2025-01-05,4.33,,,
2025-01-06,4.33,4.62,,
2025-01-07,4.33,4.67,,
2025-01-08,4.33,4.67,,
2025-01-09,4.33,4.68,,
2025-01-10,4.33,4.77,,
2025-01-11,4.33,,,
2025-01-12,4.33,,,
2025-01-13,4.33,4.79,,
2025-01-14,4.33,4.78,,
2025-01-15,4.33,4.66,,
2025-01-16,4.33,4.61,,
2025-01-17,4.33,4.61,,
2025-01-18,4.33,,,
2025-01-19,4.33,,,
2025-01-20,4.33,,,
2025-01-21,4.33,4.57,,
2025-01-22,4.33,4.6,,
2025-01-23,4.33,4.65,,
2025-01-24,4.33,4.63,,
2025-01-25,4.33,,,
2025-01-26,4.33,,,
2025-01-27,4.33,4.53,,
2025-01-28,4.33,4.55,,
2025-01-29,4.33,4.55,,
2025-01-30,4.33,4.52,,
2025-01-31,4.33,4.58,,
2025-02-01,4.33,,319.679,4.2
2025-02-02,4.33,,,
2025-02-03,4.33,4.54,,
2025-02-04,4.33,4.52,,
2025-02-05,4.33,4.43,,
2025-02-06,4.33,4.45,,
2025-02-07,4.33,4.49,,
2025-02-08,4.33,,,
2025-02-09,4.33,,,
2025-02-10,4.33,4.51,,
2025-02-11,4.33,4.54,,
2025-02-12,4.33,4.62,,
2025-02-13,4.33,4.52,,
2025-02-14,4.33,4.47,,
2025-02-15,4.33,,,
2025-02-16,4.33,,,
2025-02-17,4.33,,,
2025-02-18,4.33,4.55,,
2025-02-19,4.33,4.53,,
2025-02-20,4.33,4.5,,
2025-02-21,4.33,4.42,,
2025-02-22,4.33,,,
2025-02-23,4.33,,,
2025-02-24,4.33,4.4,,
2025-02-25,4.33,4.3,,
2025-02-26,4.33,4.25,,
2025-02-27,4.33,4.29,,
2025-02-28,4.33,4.24,,
2025-03-01,4.33,,319.785,4.2
2025-03-02,4.33,,,
2025-03-03,4.33,4.16,,
2025-03-04,4.33,4.22,,
2025-03-05,4.33,4.28,,
2025-03-06,4.33,4.29,,
2025-03-07,4.33,4.32,,
2025-03-08,4.33,,,
2025-03-09,4.33,,,
2025-03-10,4.33,4.22,,
2025-03-11,4.33,4.28,,
2025-03-12,4.33,4.32,,
2025-03-13,4.33,4.27,,
2025-03-14,4.33,4.31,,
2025-03-15,4.33,,,
2025-03-16,4.33,,,
2025-03-17,4.33,4.31,,
2025-03-18,4.33,4.29,,
2025-03-19,4.33,4.25,,
2025-03-20,4.33,4.24,,
2025-03-21,4.33,4.25,,
2025-03-22,4.33,,,
2025-03-23,4.33,,,
2025-03-24,4.33,4.34,,
2025-03-25,4.33,4.31,,
2025-03-26,4.33,4.35,,
2025-03-27,4.33,4.38,,
2025-03-28,4.33,4.27,,
2025-03-29,4.33,,,
2025-03-30,4.33,,,
2025-03-31,4.33,4.23,,
2025-04-01,4.33,4.17,320.302,4.2
2025-04-02,4.33,4.2,,
2025-04-03,4.33,4.06,,
2025-04-04,4.33,4.01,,
2025-04-05,4.33,,,
2025-04-06,4.33,,,
2025-04-07,4.33,4.15,,
2025-04-08,4.33,4.26,,
2025-04-09,4.33,4.34,,
2025-04-10,4.33,4.4,,
2025-04-11,4.33,4.48,,
2025-04-12,4.33,,,
2025-04-13,4.33,,,
2025-04-14,4.33,4.38,,
2025-04-15,4.33,4.35,,
2025-04-16,4.33,4.29,,
2025-04-17,4.33,4.34,,
2025-04-18,4.33,,,
2025-04-19,4.33,,,
2025-04-20,4.33,,,
2025-04-21,4.33,4.42,,
2025-04-22,4.33,4.41,,
2025-04-23,4.33,4.4,,
2025-04-24,4.33,4.32,,
2025-04-25,4.33,4.29,,
2025-04-26,4.33,,,
2025-04-27,4.33,,,
2025-04-28,4.33,4.23,,
2025-04-29,4.33,4.19,,
2025-04-30,4.33,4.17,,
2025-05-01,4.33,4.25,320.62,4.3
2025-05-02,4.33,4.33,,
2025-05-03,4.33,,,
2025-05-04,4.33,,,
2025-05-05,4.33,4.36,,
2025-05-06,4.33,4.3,,
2025-05-07,4.33,4.26,,
2025-05-08,4.33,4.37,,
2025-05-09,4.33,4.37,,
2025-05-10,4.33,,,
2025-05-11,4.33,,,
2025-05-12,4.33,4.45,,
2025-05-13,4.33,4.49,,
2025-05-14,4.33,4.53,,
2025-05-15,4.33,4.45,,
2025-05-16,4.33,4.43,,
2025-05-17,4.33,,,
2025-05-18,4.33,,,
2025-05-19,4.33,4.46,,
2025-05-20,4.33,4.48,,
2025-05-21,4.33,4.58,,
2025-05-22,4.33,4.54,,
2025-05-23,4.33,4.51,,
2025-05-24,4.33,,,
2025-05-25,4.33,,,
2025-05-26,4.33,,,
2025-05-27,4.33,4.43,,
2025-05-28,4.33,4.47,,
2025-05-29,4.33,4.43,,
2025-05-30,4.33,4.41,,
2025-05-31,4.33,,,
2025-06-01,4.33,,321.435,4.1
2025-06-02,4.33,4.46,,
2025-06-03,4.33,4.46,,
2025-06-04,4.33,4.37,,
2025-06-05,4.33,4.4,,
2025-06-06,4.33,4.51,,
2025-06-07,4.33,,,
2025-06-08,4.33,,,
2025-06-09,4.33,4.49,,
2025-06-10,4.33,4.47,,
2025-06-11,4.33,4.41,,
2025-06-12,4.33,4.36,,
2025-06-13,4.33,4.41,,
2025-06-14,4.33,,,
2025-06-15,4.33,,,
2025-06-16,4.33,4.46,,
2025-06-17,4.33,4.39,,
2025-06-18,4.33,4.38,,
2025-06-19,4.33,,,
2025-06-20,4.33,4.38,,
2025-06-21,4.33,,,
2025-06-22,4.33,,,
2025-06-23,4.33,4.34,,
2025-06-24,4.33,4.3,,
2025-06-25,4.33,4.29,,
2025-06-26,4.33,4.26,,
2025-06-27,4.33,4.29,,
2025-06-28,4.33,,,
2025-06-29,4.33,,,
2025-06-30,4.33,4.24,,
2025-07-01,4.33,4.26,322.169,4.3
2025-07-02,4.33,4.3,,
2025-07-03,4.33,4.35,,
2025-07-04,4.33,,,
2025-07-05,4.33,,,
2025-07-06,4.33,,,
2025-07-07,4.33,4.4,,
2025-07-08,4.33,4.42,,
2025-07-09,4.33,4.34,,
2025-07-10,4.33,4.35,,
2025-07-11,4.33,4.43,,
2025-07-12,4.33,,,
2025-07-13,4.33,,,
2025-07-14,4.33,4.43,,
2025-07-15,4.33,4.5,,
2025-07-16,4.33,4.46,,
2025-07-17,4.33,4.47,,
2025-07-18,4.33,4.44,,
2025-07-19,4.33,,,
2025-07-20,4.33,,,
2025-07-21,4.33,4.38,,
2025-07-22,4.33,4.35,,
2025-07-23,4.33,4.4,,
2025-07-24,4.33,4.43,,
2025-07-25,4.33,4.4,,
2025-07-26,4.33,,,
2025-07-27,4.33,,,
2025-07-28,4.33,4.42,,
2025-07-29,4.33,4.34,,
2025-07-30,4.33,4.38,,
2025-07-31,4.33,4.37,,
2025-08-01,4.33,4.23,323.291,4.3
2025-08-02,4.33,,,
2025-08-03,4.33,,,
2025-08-04,4.33,4.22,,
2025-08-05,4.33,4.22,,
2025-08-06,4.33,4.22,,
2025-08-07,4.33,4.23,,
2025-08-08,4.33,4.27,,
2025-08-09,4.33,,,
2025-08-10,4.33,,,
2025-08-11,4.33,4.27,,
2025-08-12,4.33,4.29,,
2025-08-13,4.33,4.24,,
2025-08-14,4.33,4.29,,
2025-08-15,4.33,4.33,,
2025-08-16,4.33,,,
2025-08-17,4.33,,,
2025-08-18,4.33,4.34,,
2025-08-19,4.33,4.3,,
2025-08-20,4.33,4.29,,
2025-08-21,4.33,4.33,,
2025-08-22,4.33,4.26,,
2025-08-23,4.33,,,
2025-08-24,4.33,,,
2025-08-25,4.33,4.28,,
2025-08-26,4.33,4.26,,
2025-08-27,4.33,4.24,,
2025-08-28,4.33,4.22,,
2025-08-29,4.33,4.23,,
2025-08-30,4.33,,,
2025-08-31,4.33,,,
2025-09-01,4.33,,324.245,4.4
2025-09-02,4.33,4.28,,
2025-09-03,4.33,4.22,,
2025-09-04,4.33,4.17,,
2025-09-05,4.33,4.1,,
2025-09-06,4.33,,,
2025-09-07,4.33,,,
2025-09-08,4.33,4.05,,
2025-09-09,4.33,4.08,,
2025-09-10,4.33,4.04,,
2025-09-11,4.33,4.01,,
2025-09-12,4.33,4.06,,
2025-09-13,4.33,,,
2025-09-14,4.33,,,
2025-09-15,4.33,4.05,,
2025-09-16,4.33,4.04,,
2025-09-17,4.33,4.06,,
2025-09-18,4.08,4.11,,
2025-09-19,4.08,4.14,,
2025-09-20,4.08,,,
2025-09-21,4.08,,,
2025-09-22,4.09,4.15,,
2025-09-23,4.09,4.12,,
2025-09-24,4.09,4.16,,
2025-09-25,4.09,4.18,,
2025-09-26,4.09,4.2,,
2025-09-27,4.09,,,
2025-09-28,4.09,,,
2025-09-29,4.09,4.15,,
2025-09-30,4.09,4.16,,
2025-10-01,4.09,4.12,,
2025-10-02,4.09,4.1,,
2025-10-03,4.09,4.13,,
2025-10-04,4.09,,,
2025-10-05,4.09,,,
2025-10-06,4.09,4.18,,
2025-10-07,4.09,4.14,,
2025-10-08,4.1,4.13,,
2025-10-09,4.1,4.14,,
2025-10-10,4.1,4.05,,
2025-10-11,4.1,,,
2025-10-12,4.1,,,
2025-10-13,4.1,,,
2025-10-14,4.1,4.03,,
2025-10-15,4.1,4.05,,
2025-10-16,4.11,3.99,,
2025-10-17,4.11,4.02,,
2025-10-18,4.11,,,
2025-10-19,4.11,,,
2025-10-20,4.11,4.0,,
2025-10-21,4.11,3.98,,
2025-10-22,4.11,3.97,,
2025-10-23,4.11,4.01,,
2025-10-24,4.11,4.02,,
2025-10-25,4.11,,,
2025-10-26,4.11,,,
2025-10-27,4.12,4.01,,
2025-10-28,4.12,3.99,,
2025-10-29,4.12,4.08,,
2025-10-30,3.87,4.11,,
2025-10-31,3.86,4.11,,
2025-11-01,3.86,,325.063,4.5
2025-11-02,3.86,,,
2025-11-03,3.87,4.13,,
2025-11-04,3.87,4.1,,
2025-11-05,3.87,4.17,,
2025-11-06,3.87,4.11,,
2025-11-07,3.87,4.11,,
2025-11-08,3.87,,,
2025-11-09,3.87,,,
2025-11-10,3.87,4.13,,
2025-11-11,3.87,,,
2025-11-12,3.87,4.08,,
2025-11-13,3.88,4.11,,
2025-11-14,3.88,4.14,,
2025-11-15,3.88,,,
2025-11-16,3.88,,,
2025-11-17,3.88,4.13,,
2025-11-18,3.88,4.12,,
2025-11-19,3.88,4.13,,
2025-11-20,3.88,4.1,,
2025-11-21,3.88,4.06,,
2025-11-22,3.88,,,
2025-11-23,3.88,,,
2025-11-24,3.88,4.04,,
2025-11-25,3.88,4.01,,
2025-11-26,3.88,4.0,,
2025-11-27,3.88,,,
2025-11-28,3.89,4.02,,
2025-11-29,3.89,,,
2025-11-30,3.89,,,
2025-12-01,3.89,4.09,326.031,4.4
2025-12-02,3.89,4.09,,
2025-12-03,3.89,4.06,,
2025-12-04,3.89,4.11,,
2025-12-05,3.89,4.14,,
2025-12-06,3.89,,,
2025-12-07,3.89,,,
2025-12-08,3.89,4.17,,
2025-12-09,3.89,4.18,,
2025-12-10,3.89,4.13,,
2025-12-11,3.64,4.14,,
2025-12-12,3.64,4.19,,
2025-12-13,3.64,,,
2025-12-14,3.64,,,
2025-12-15,3.64,4.18,,
2025-12-16,3.64,4.15,,
2025-12-17,3.64,4.16,,
2025-12-18,3.64,4.12,,
2025-12-19,3.64,4.16,,
2025-12-20,3.64,,,
2025-12-21,3.64,,,
2025-12-22,3.64,4.17,,
2025-12-23,3.64,4.18,,
2025-12-24,3.64,4.15,,
2025-12-25,3.64,,,
2025-12-26,3.64,4.14,,
2025-12-27,3.64,,,
2025-12-28,3.64,,,
2025-12-29,3.64,4.12,,
2025-12-30,3.64,4.14,,
2025-12-31,3.64,4.18,,
